{
    "acc test": [
        0.5052,
        0.5854,
        0.7144,
        0.7557,
        0.7815,
        0.8083,
        0.819,
        0.8034,
        0.7657,
        0.8415,
        0.859,
        0.8472,
        0.8581,
        0.8748,
        0.8674,
        0.8604,
        0.8627,
        0.8738,
        0.8581,
        0.8839,
        0.8912,
        0.8862,
        0.8899,
        0.8862,
        0.8945,
        0.8914,
        0.8845,
        0.8863,
        0.8966,
        0.8933,
        0.899,
        0.9022,
        0.9051,
        0.9046,
        0.911,
        0.9098,
        0.915,
        0.9144,
        0.9125,
        0.9129,
        0.9191,
        0.9178,
        0.9193,
        0.9194,
        0.9183,
        0.9168,
        0.921,
        0.9192,
        0.918,
        0.9206,
        0.92,
        0.9225,
        0.9201,
        0.9195,
        0.9216,
        0.9222,
        0.9215,
        0.9197,
        0.9224,
        0.924,
        0.9234,
        0.9219,
        0.9227,
        0.9229,
        0.9232,
        0.9237,
        0.9239,
        0.9236,
        0.9228,
        0.923,
        0.9242,
        0.9239,
        0.9253,
        0.9233,
        0.9248,
        0.9248,
        0.9246,
        0.9234,
        0.9241,
        0.9251,
        0.9227,
        0.9255,
        0.9241,
        0.9224,
        0.9244,
        0.9248,
        0.926,
        0.9252,
        0.9246,
        0.9244,
        0.9259,
        0.9231,
        0.9257,
        0.925,
        0.9247,
        0.9243,
        0.9227,
        0.925,
        0.9259,
        0.925,
        0.9246,
        0.9239,
        0.9238,
        0.9254,
        0.9275,
        0.9271,
        0.9266,
        0.9264,
        0.9269,
        0.9245,
        0.9263,
        0.9249,
        0.9248,
        0.9238,
        0.9258,
        0.9246,
        0.9253,
        0.9248,
        0.9251,
        0.9266,
        0.9259,
        0.925,
        0.9239,
        0.9258,
        0.9264,
        0.9259,
        0.9247,
        0.9259,
        0.9255,
        0.9248,
        0.9256,
        0.9249,
        0.9254,
        0.9258,
        0.9246,
        0.9252,
        0.9248,
        0.9261,
        0.9269,
        0.926,
        0.9268,
        0.9258,
        0.9263,
        0.9273,
        0.9269,
        0.9281,
        0.9252,
        0.9257,
        0.925,
        0.9263
    ],
    "acc train": [
        0.42534,
        0.60424,
        0.69244,
        0.73674,
        0.76822,
        0.79264,
        0.81198,
        0.8277,
        0.84166,
        0.85108,
        0.86186,
        0.87116,
        0.87848,
        0.88866,
        0.89392,
        0.90074,
        0.90602,
        0.91208,
        0.91752,
        0.91974,
        0.92494,
        0.93308,
        0.93322,
        0.93758,
        0.9434,
        0.94816,
        0.94,
        0.94044,
        0.94174,
        0.94656,
        0.95376,
        0.95876,
        0.96288,
        0.96766,
        0.9717,
        0.9769,
        0.97824,
        0.98226,
        0.98414,
        0.98592,
        0.98712,
        0.98892,
        0.99028,
        0.9912,
        0.99172,
        0.99236,
        0.99342,
        0.99378,
        0.99468,
        0.99438,
        0.99462,
        0.9956,
        0.99576,
        0.9959,
        0.9969,
        0.99656,
        0.99656,
        0.9969,
        0.99692,
        0.99718,
        0.99672,
        0.9977,
        0.9975,
        0.9976,
        0.99814,
        0.99824,
        0.99804,
        0.99852,
        0.9983,
        0.99866,
        0.99834,
        0.99826,
        0.99842,
        0.9986,
        0.99868,
        0.99834,
        0.99862,
        0.99876,
        0.99888,
        0.99874,
        0.9989,
        0.99898,
        0.99866,
        0.9987,
        0.99902,
        0.9988,
        0.99922,
        0.99926,
        0.99902,
        0.9992,
        0.99938,
        0.99934,
        0.99936,
        0.99914,
        0.99932,
        0.999,
        0.99934,
        0.99928,
        0.99948,
        0.99936,
        0.99942,
        0.99934,
        0.9992,
        0.99956,
        0.99948,
        0.99944,
        0.9995,
        0.9995,
        0.99944,
        0.99944,
        0.99942,
        0.99956,
        0.99968,
        0.99948,
        0.9996,
        0.99956,
        0.99966,
        0.99954,
        0.99966,
        0.99958,
        0.99964,
        0.99952,
        0.9997,
        0.99958,
        0.99978,
        0.99972,
        0.99956,
        0.99956,
        0.99976,
        0.99956,
        0.99974,
        0.99968,
        0.99972,
        0.99972,
        0.99958,
        0.99984,
        0.99976,
        0.99976,
        0.99972,
        0.99974,
        0.99968,
        0.99984,
        0.99988,
        0.9998,
        0.99988,
        0.99988,
        0.99976,
        0.99974,
        0.99984,
        0.99974
    ],
    "epoch": [
        1,
        2,
        3,
        4,
        5,
        6,
        7,
        8,
        9,
        10,
        11,
        12,
        13,
        14,
        15,
        16,
        17,
        18,
        19,
        20,
        21,
        22,
        23,
        24,
        25,
        26,
        27,
        28,
        29,
        30,
        31,
        32,
        33,
        34,
        35,
        36,
        37,
        38,
        39,
        40,
        41,
        42,
        43,
        44,
        45,
        46,
        47,
        48,
        49,
        50,
        51,
        52,
        53,
        54,
        55,
        56,
        57,
        58,
        59,
        60,
        61,
        62,
        63,
        64,
        65,
        66,
        67,
        68,
        69,
        70,
        71,
        72,
        73,
        74,
        75,
        76,
        77,
        78,
        79,
        80,
        81,
        82,
        83,
        84,
        85,
        86,
        87,
        88,
        89,
        90,
        91,
        92,
        93,
        94,
        95,
        96,
        97,
        98,
        99,
        100,
        101,
        102,
        103,
        104,
        105,
        106,
        107,
        108,
        109,
        110,
        111,
        112,
        113,
        114,
        115,
        116,
        117,
        118,
        119,
        120,
        121,
        122,
        123,
        124,
        125,
        126,
        127,
        128,
        129,
        130,
        131,
        132,
        133,
        134,
        135,
        136,
        137,
        138,
        139,
        140,
        141,
        142,
        143,
        144,
        145,
        146,
        147,
        148,
        149,
        150
    ],