{
    "acc test": [
        0.4801,
        0.6319,
        0.7336,
        0.7559,
        0.7741,
        0.8105,
        0.8227,
        0.7822,
        0.7901,
        0.8351,
        0.8566,
        0.8284,
        0.8623,
        0.8618,
        0.8696,
        0.872,
        0.8666,
        0.8778,
        0.875,
        0.8848,
        0.8879,
        0.8854,
        0.8955,
        0.8858,
        0.8919,
        0.8895,
        0.8926,
        0.8872,
        0.8968,
        0.896,
        0.8972,
        0.8965,
        0.9094,
        0.9097,
        0.9093,
        0.9148,
        0.9117,
        0.9126,
        0.9098,
        0.9136,
        0.9201,
        0.9205,
        0.9164,
        0.9198,
        0.921,
        0.9165,
        0.9202,
        0.9199,
        0.9208,
        0.9226,
        0.9196,
        0.9226,
        0.9214,
        0.9203,
        0.9204,
        0.9225,
        0.9229,
        0.9211,
        0.92,
        0.9218,
        0.9249,
        0.9229,
        0.9217,
        0.9219,
        0.9218,
        0.9234,
        0.9237,
        0.9253,
        0.9243,
        0.9232,
        0.9242,
        0.9227,
        0.9233,
        0.9256,
        0.9272,
        0.9236,
        0.9242,
        0.9237,
        0.9243,
        0.9236,
        0.9258,
        0.9259,
        0.9257,
        0.9248,
        0.9254,
        0.9228,
        0.9241,
        0.9248,
        0.9267,
        0.9248,
        0.9263,
        0.9267,
        0.9266,
        0.9259,
        0.9253,
        0.9261,
        0.9255,
        0.927,
        0.9259,
        0.9267,
        0.9249,
        0.9257,
        0.926,
        0.9251,
        0.9278,
        0.9269,
        0.9265,
        0.9257,
        0.9247,
        0.9272,
        0.9277,
        0.9271,
        0.9267,
        0.9259,
        0.9267,
        0.9254,
        0.9262,
        0.9268,
        0.9281,
        0.9262,
        0.9274,
        0.9244,
        0.9267,
        0.9293,
        0.9256,
        0.9269,
        0.9273,
        0.9267,
        0.9266,
        0.9261,
        0.9257,
        0.9253,
        0.9267,
        0.9277,
        0.9252,
        0.9279,
        0.9266,
        0.9275,
        0.9272,
        0.9263,
        0.9265,
        0.9254,
        0.9282,
        0.9271,
        0.9287,
        0.9289,
        0.927,
        0.9277,
        0.9267,
        0.927
    ],
    "acc train": [
        0.42818,
        0.60716,
        0.6878,
        0.73902,
        0.77048,
        0.78954,
        0.80742,
        0.82418,
        0.84184,
        0.8514,
        0.8633,
        0.87016,
        0.87986,
        0.88846,
        0.8906,
        0.90116,
        0.90518,
        0.90984,
        0.9163,
        0.9208,
        0.92488,
        0.93204,
        0.93366,
        0.93692,
        0.94192,
        0.94674,
        0.94276,
        0.9406,
        0.94408,
        0.94782,
        0.95422,
        0.9599,
        0.96364,
        0.96708,
        0.9736,
        0.97654,
        0.97886,
        0.98208,
        0.98302,
        0.98604,
        0.9862,
        0.98824,
        0.99018,
        0.99124,
        0.99188,
        0.9919,
        0.99306,
        0.9939,
        0.99476,
        0.99504,
        0.99614,
        0.99564,
        0.9959,
        0.99616,
        0.99654,
        0.9955,
        0.99694,
        0.99678,
        0.99696,
        0.99734,
        0.99758,
        0.99776,
        0.99716,
        0.99814,
        0.99808,
        0.99802,
        0.99816,
        0.99826,
        0.99842,
        0.99862,
        0.99864,
        0.99828,
        0.99866,
        0.9989,
        0.99868,
        0.99862,
        0.99846,
        0.99908,
        0.99874,
        0.99888,
        0.99894,
        0.999,
        0.9989,
        0.99916,
        0.99904,
        0.99886,
        0.9989,
        0.99922,
        0.99918,
        0.99918,
        0.99904,
        0.99938,
        0.99924,
        0.99932,
        0.999,
        0.99924,
        0.99928,
        0.99926,
        0.99948,
        0.99926,
        0.99932,
        0.99928,
        0.99932,
        0.99922,
        0.99934,
        0.99928,
        0.99934,
        0.9995,
        0.99952,
        0.99962,
        0.9995,
        0.99954,
        0.99946,
        0.99948,
        0.99954,
        0.99952,
        0.99962,
        0.99968,
        0.99968,
        0.9996,
        0.99964,
        0.99956,
        0.99972,
        0.99982,
        0.99982,
        0.99956,
        0.99954,
        0.9997,
        0.99968,
        0.99968,
        0.99966,
        0.99966,
        0.99976,
        0.9998,
        0.99962,
        0.99966,
        0.99976,
        0.99988,
        0.99986,
        0.99978,
        0.99974,
        0.99974,
        0.99968,
        0.99972,
        0.99982,
        0.99986,
        0.99982,
        0.99968,
        0.9999,
        0.99984
    ],
    "epoch": [
        1,
        2,
        3,
        4,
        5,
        6,
        7,
        8,
        9,
        10,
        11,
        12,
        13,
        14,
        15,
        16,
        17,
        18,
        19,
        20,
        21,
        22,
        23,
        24,
        25,
        26,
        27,
        28,
        29,
        30,
        31,
        32,
        33,
        34,
        35,
        36,
        37,
        38,
        39,
        40,
        41,
        42,
        43,
        44,
        45,
        46,
        47,
        48,
        49,
        50,
        51,
        52,
        53,
        54,
        55,
        56,
        57,
        58,
        59,
        60,
        61,
        62,
        63,
        64,
        65,
        66,
        67,
        68,
        69,
        70,
        71,
        72,
        73,
        74,
        75,
        76,
        77,
        78,
        79,
        80,
        81,
        82,
        83,
        84,
        85,
        86,
        87,
        88,
        89,
        90,
        91,
        92,
        93,
        94,
        95,
        96,
        97,
        98,
        99,
        100,
        101,
        102,
        103,
        104,
        105,
        106,
        107,
        108,
        109,
        110,
        111,
        112,
        113,
        114,
        115,
        116,
        117,
        118,
        119,
        120,
        121,
        122,
        123,
        124,
        125,
        126,
        127,
        128,
        129,
        130,
        131,
        132,
        133,
        134,
        135,
        136,
        137,
        138,
        139,
        140,
        141,
        142,
        143,
        144,
        145,
        146,
        147,
        148,
        149,
        150
    ],