{
    "acc test": [
        0.4521,
        0.6396,
        0.7311,
        0.7389,
        0.79,
        0.8085,
        0.8162,
        0.7898,
        0.8039,
        0.8364,
        0.8525,
        0.8444,
        0.8583,
        0.8693,
        0.8619,
        0.8689,
        0.8663,
        0.8737,
        0.8725,
        0.8889,
        0.8872,
        0.8907,
        0.893,
        0.8805,
        0.8853,
        0.9003,
        0.8828,
        0.8919,
        0.8948,
        0.8949,
        0.8972,
        0.9,
        0.9009,
        0.9045,
        0.9099,
        0.9113,
        0.9121,
        0.9146,
        0.9158,
        0.9119,
        0.9171,
        0.9168,
        0.9179,
        0.9203,
        0.9203,
        0.9207,
        0.9179,
        0.9207,
        0.9232,
        0.9214,
        0.9217,
        0.9217,
        0.9214,
        0.9219,
        0.923,
        0.9233,
        0.9226,
        0.9232,
        0.9223,
        0.9252,
        0.9254,
        0.9238,
        0.9255,
        0.9254,
        0.9255,
        0.9249,
        0.9245,
        0.9254,
        0.924,
        0.9254,
        0.9253,
        0.9263,
        0.9241,
        0.926,
        0.9273,
        0.9257,
        0.9271,
        0.9251,
        0.9236,
        0.9252,
        0.9276,
        0.9262,
        0.9271,
        0.9255,
        0.9254,
        0.9269,
        0.9258,
        0.924,
        0.9251,
        0.9255,
        0.9256,
        0.9276,
        0.9251,
        0.925,
        0.926,
        0.9257,
        0.9264,
        0.9258,
        0.926,
        0.9248,
        0.9262,
        0.9265,
        0.9273,
        0.9266,
        0.9276,
        0.9278,
        0.9264,
        0.9276,
        0.9252,
        0.9276,
        0.9272,
        0.9269,
        0.9246,
        0.9274,
        0.9266,
        0.9275,
        0.9263,
        0.9264,
        0.9264,
        0.9276,
        0.9265,
        0.9249,
        0.9267,
        0.9279,
        0.9264,
        0.9271,
        0.9268,
        0.9266,
        0.9265,
        0.9266,
        0.9262,
        0.9268,
        0.9274,
        0.9279,
        0.9274,
        0.9296,
        0.9276,
        0.9277,
        0.9284,
        0.9269,
        0.9289,
        0.9289,
        0.9288,
        0.9271,
        0.9267,
        0.9273,
        0.9271,
        0.9268,
        0.9273,
        0.9261
    ],
    "acc train": [
        0.42692,
        0.60734,
        0.68876,
        0.73836,
        0.76886,
        0.79516,
        0.80886,
        0.82676,
        0.8414,
        0.85162,
        0.86484,
        0.86714,
        0.87592,
        0.88688,
        0.89208,
        0.89858,
        0.90162,
        0.91096,
        0.91528,
        0.919,
        0.92536,
        0.93312,
        0.93546,
        0.93736,
        0.94272,
        0.94432,
        0.93886,
        0.9408,
        0.941,
        0.94624,
        0.95258,
        0.95858,
        0.96288,
        0.96704,
        0.97094,
        0.97454,
        0.97832,
        0.98112,
        0.98222,
        0.9843,
        0.9875,
        0.98838,
        0.98886,
        0.9908,
        0.99138,
        0.9918,
        0.99282,
        0.9935,
        0.99408,
        0.99464,
        0.99542,
        0.99518,
        0.99562,
        0.99592,
        0.99616,
        0.99614,
        0.99664,
        0.997,
        0.99668,
        0.99726,
        0.99732,
        0.99734,
        0.99726,
        0.99776,
        0.9983,
        0.99824,
        0.99802,
        0.9981,
        0.99848,
        0.99844,
        0.99814,
        0.99822,
        0.99848,
        0.99884,
        0.99882,
        0.99858,
        0.99872,
        0.99894,
        0.99876,
        0.9989,
        0.99892,
        0.99892,
        0.9991,
        0.99916,
        0.9992,
        0.99886,
        0.99912,
        0.99918,
        0.9992,
        0.99918,
        0.9991,
        0.99934,
        0.99934,
        0.99934,
        0.99928,
        0.99916,
        0.9993,
        0.99916,
        0.9993,
        0.9994,
        0.99944,
        0.99938,
        0.9993,
        0.99958,
        0.99958,
        0.99956,
        0.99958,
        0.99956,
        0.99956,
        0.9994,
        0.99948,
        0.9998,
        0.99944,
        0.99948,
        0.99958,
        0.99958,
        0.99972,
        0.9996,
        0.99966,
        0.9997,
        0.99942,
        0.99964,
        0.99958,
        0.99972,
        0.99976,
        0.99976,
        0.9997,
        0.99972,
        0.9996,
        0.9997,
        0.99976,
        0.99964,
        0.99976,
        0.99974,
        0.99962,
        0.99978,
        0.99978,
        0.99962,
        0.99984,
        0.99982,
        0.99962,
        0.99988,
        0.9997,
        0.99974,
        0.99972,
        0.99986,
        0.99992,
        0.99976,
        0.99976,
        0.9999
    ],
    "epoch": [
        1,
        2,
        3,
        4,
        5,
        6,
        7,
        8,
        9,
        10,
        11,
        12,
        13,
        14,
        15,
        16,
        17,
        18,
        19,
        20,
        21,
        22,
        23,
        24,
        25,
        26,
        27,
        28,
        29,
        30,
        31,
        32,
        33,
        34,
        35,
        36,
        37,
        38,
        39,
        40,
        41,
        42,
        43,
        44,
        45,
        46,
        47,
        48,
        49,
        50,
        51,
        52,
        53,
        54,
        55,
        56,
        57,
        58,
        59,
        60,
        61,
        62,
        63,
        64,
        65,
        66,
        67,
        68,
        69,
        70,
        71,
        72,
        73,
        74,
        75,
        76,
        77,
        78,
        79,
        80,
        81,
        82,
        83,
        84,
        85,
        86,
        87,
        88,
        89,
        90,
        91,
        92,
        93,
        94,
        95,
        96,
        97,
        98,
        99,
        100,
        101,
        102,
        103,
        104,
        105,
        106,
        107,
        108,
        109,
        110,
        111,
        112,
        113,
        114,
        115,
        116,
        117,
        118,
        119,
        120,
        121,
        122,
        123,
        124,
        125,
        126,
        127,
        128,
        129,
        130,
        131,
        132,
        133,
        134,
        135,
        136,
        137,
        138,
        139,
        140,
        141,
        142,
        143,
        144,
        145,
        146,
        147,
        148,
        149,
        150
    ],