{
    "acc test": [
        0.4853,
        0.6215,
        0.707,
        0.756,
        0.7928,
        0.8105,
        0.8129,
        0.7832,
        0.7842,
        0.839,
        0.8572,
        0.8538,
        0.8474,
        0.8741,
        0.862,
        0.8713,
        0.8648,
        0.88,
        0.8786,
        0.8782,
        0.8889,
        0.8913,
        0.8921,
        0.8879,
        0.8904,
        0.9018,
        0.8762,
        0.8837,
        0.8915,
        0.8964,
        0.8955,
        0.9003,
        0.9072,
        0.9089,
        0.9121,
        0.9107,
        0.9112,
        0.9183,
        0.9134,
        0.9177,
        0.9188,
        0.9195,
        0.9202,
        0.9187,
        0.9229,
        0.9196,
        0.9192,
        0.9221,
        0.9236,
        0.9196,
        0.9214,
        0.9236,
        0.9208,
        0.9209,
        0.924,
        0.9245,
        0.9243,
        0.9252,
        0.9229,
        0.9237,
        0.923,
        0.9227,
        0.9243,
        0.9248,
        0.9239,
        0.9232,
        0.9252,
        0.9281,
        0.9256,
        0.9263,
        0.9262,
        0.9244,
        0.9261,
        0.9252,
        0.9238,
        0.9245,
        0.9271,
        0.9252,
        0.9259,
        0.9259,
        0.9251,
        0.926,
        0.9278,
        0.9281,
        0.9259,
        0.9256,
        0.9256,
        0.9258,
        0.9272,
        0.9262,
        0.9278,
        0.9269,
        0.9306,
        0.9256,
        0.9267,
        0.9257,
        0.9257,
        0.9251,
        0.9249,
        0.9273,
        0.9261,
        0.9272,
        0.9261,
        0.9273,
        0.9265,
        0.9268,
        0.9277,
        0.9277,
        0.9266,
        0.9277,
        0.927,
        0.9274,
        0.9267,
        0.9276,
        0.9281,
        0.9288,
        0.9271,
        0.9283,
        0.9276,
        0.9263,
        0.9279,
        0.9256,
        0.9275,
        0.9274,
        0.9263,
        0.9282,
        0.9273,
        0.9268,
        0.9277,
        0.9274,
        0.9269,
        0.928,
        0.9253,
        0.926,
        0.9253,
        0.9259,
        0.9265,
        0.9276,
        0.9266,
        0.9269,
        0.9293,
        0.9275,
        0.9268,
        0.9265,
        0.9268,
        0.9271,
        0.9282,
        0.9273,
        0.9271,
        0.9275
    ],
    "acc train": [
        0.42594,
        0.60762,
        0.68478,
        0.73624,
        0.76762,
        0.79194,
        0.81022,
        0.82582,
        0.84224,
        0.85036,
        0.8632,
        0.86676,
        0.87964,
        0.88746,
        0.89324,
        0.90102,
        0.9036,
        0.91164,
        0.9147,
        0.92108,
        0.92678,
        0.93198,
        0.93224,
        0.9378,
        0.94216,
        0.9483,
        0.9407,
        0.94062,
        0.9431,
        0.94738,
        0.95394,
        0.95846,
        0.96402,
        0.96772,
        0.97262,
        0.97556,
        0.9783,
        0.98144,
        0.9831,
        0.98568,
        0.98686,
        0.98908,
        0.99034,
        0.9902,
        0.9922,
        0.99232,
        0.99354,
        0.9936,
        0.99392,
        0.9941,
        0.99554,
        0.9951,
        0.99608,
        0.99646,
        0.99604,
        0.99648,
        0.99688,
        0.99696,
        0.99722,
        0.99742,
        0.99764,
        0.9976,
        0.99734,
        0.9977,
        0.99802,
        0.9983,
        0.99798,
        0.99846,
        0.99868,
        0.99822,
        0.99842,
        0.99846,
        0.99864,
        0.99846,
        0.99868,
        0.9985,
        0.99884,
        0.9988,
        0.99882,
        0.99862,
        0.99896,
        0.99872,
        0.999,
        0.99906,
        0.99898,
        0.99902,
        0.99914,
        0.99902,
        0.99924,
        0.9994,
        0.99906,
        0.99906,
        0.9992,
        0.99938,
        0.99918,
        0.9994,
        0.99934,
        0.99918,
        0.99916,
        0.99926,
        0.99944,
        0.99946,
        0.99924,
        0.9995,
        0.99966,
        0.99956,
        0.9994,
        0.9996,
        0.99962,
        0.99964,
        0.99942,
        0.9995,
        0.9994,
        0.99954,
        0.99944,
        0.99964,
        0.99966,
        0.9995,
        0.99968,
        0.99948,
        0.99952,
        0.99962,
        0.99982,
        0.99968,
        0.99958,
        0.99968,
        0.99958,
        0.99978,
        0.9997,
        0.99966,
        0.99964,
        0.99962,
        0.99972,
        0.9996,
        0.99962,
        0.99974,
        0.99984,
        0.99966,
        0.9998,
        0.9998,
        0.99974,
        0.99968,
        0.99958,
        0.99974,
        0.9998,
        0.9998,
        0.9998,
        0.9997,
        0.9998,
        0.99982
    ],
    "epoch": [
        1,
        2,
        3,
        4,
        5,
        6,
        7,
        8,
        9,
        10,
        11,
        12,
        13,
        14,
        15,
        16,
        17,
        18,
        19,
        20,
        21,
        22,
        23,
        24,
        25,
        26,
        27,
        28,
        29,
        30,
        31,
        32,
        33,
        34,
        35,
        36,
        37,
        38,
        39,
        40,
        41,
        42,
        43,
        44,
        45,
        46,
        47,
        48,
        49,
        50,
        51,
        52,
        53,
        54,
        55,
        56,
        57,
        58,
        59,
        60,
        61,
        62,
        63,
        64,
        65,
        66,
        67,
        68,
        69,
        70,
        71,
        72,
        73,
        74,
        75,
        76,
        77,
        78,
        79,
        80,
        81,
        82,
        83,
        84,
        85,
        86,
        87,
        88,
        89,
        90,
        91,
        92,
        93,
        94,
        95,
        96,
        97,
        98,
        99,
        100,
        101,
        102,
        103,
        104,
        105,
        106,
        107,
        108,
        109,
        110,
        111,
        112,
        113,
        114,
        115,
        116,
        117,
        118,
        119,
        120,
        121,
        122,
        123,
        124,
        125,
        126,
        127,
        128,
        129,
        130,
        131,
        132,
        133,
        134,
        135,
        136,
        137,
        138,
        139,
        140,
        141,
        142,
        143,
        144,
        145,
        146,
        147,
        148,
        149,
        150
    ],