{
    "acc test": [
        0.4254,
        0.6234,
        0.7145,
        0.7567,
        0.7879,
        0.8006,
        0.8225,
        0.8064,
        0.8026,
        0.8454,
        0.8604,
        0.8522,
        0.8542,
        0.8745,
        0.8685,
        0.8612,
        0.8604,
        0.8748,
        0.8702,
        0.881,
        0.8882,
        0.89,
        0.8906,
        0.8838,
        0.8921,
        0.8925,
        0.878,
        0.8928,
        0.8945,
        0.8952,
        0.8929,
        0.8981,
        0.9044,
        0.9055,
        0.9049,
        0.912,
        0.9132,
        0.914,
        0.9111,
        0.9153,
        0.9157,
        0.9183,
        0.9159,
        0.9186,
        0.9184,
        0.917,
        0.9173,
        0.9177,
        0.9203,
        0.9179,
        0.9212,
        0.921,
        0.9215,
        0.9205,
        0.9219,
        0.9211,
        0.9216,
        0.9199,
        0.9227,
        0.9219,
        0.9208,
        0.92,
        0.9199,
        0.9207,
        0.9209,
        0.9224,
        0.9229,
        0.92,
        0.9205,
        0.9225,
        0.9226,
        0.9204,
        0.9227,
        0.9241,
        0.9233,
        0.9218,
        0.9244,
        0.9214,
        0.9229,
        0.9232,
        0.9232,
        0.9234,
        0.9235,
        0.9234,
        0.9214,
        0.9226,
        0.9224,
        0.9215,
        0.9221,
        0.9213,
        0.9228,
        0.9224,
        0.9234,
        0.9225,
        0.9236,
        0.9214,
        0.9217,
        0.9247,
        0.9241,
        0.924,
        0.9222,
        0.9236,
        0.9237,
        0.9237,
        0.9234,
        0.9244,
        0.9253,
        0.925,
        0.9246,
        0.9246,
        0.9234,
        0.9237,
        0.9225,
        0.9235,
        0.9243,
        0.9237,
        0.9238,
        0.9244,
        0.9242,
        0.9241,
        0.9244,
        0.9248,
        0.9224,
        0.9241,
        0.9238,
        0.9233,
        0.923,
        0.9246,
        0.9249,
        0.9242,
        0.9243,
        0.9238,
        0.922,
        0.9222,
        0.9227,
        0.9239,
        0.9237,
        0.9234,
        0.9251,
        0.925,
        0.9238,
        0.9242,
        0.9234,
        0.9253,
        0.9261,
        0.9245,
        0.9262,
        0.9239,
        0.9242,
        0.924
    ],
    "acc train": [
        0.42488,
        0.6061,
        0.68948,
        0.73204,
        0.76864,
        0.79036,
        0.81134,
        0.82454,
        0.8434,
        0.85148,
        0.86628,
        0.86894,
        0.88072,
        0.88654,
        0.89508,
        0.89962,
        0.90526,
        0.91158,
        0.91624,
        0.9202,
        0.92556,
        0.93332,
        0.9341,
        0.93822,
        0.9424,
        0.94684,
        0.93918,
        0.94056,
        0.94282,
        0.94854,
        0.9541,
        0.9594,
        0.96468,
        0.96834,
        0.97166,
        0.97524,
        0.97892,
        0.98052,
        0.98344,
        0.98566,
        0.987,
        0.98904,
        0.98894,
        0.99088,
        0.99126,
        0.99162,
        0.993,
        0.9932,
        0.99408,
        0.9947,
        0.99544,
        0.9957,
        0.9959,
        0.99634,
        0.99662,
        0.99636,
        0.99636,
        0.99696,
        0.99712,
        0.99732,
        0.99764,
        0.99728,
        0.99748,
        0.9974,
        0.99812,
        0.99822,
        0.99816,
        0.9985,
        0.9984,
        0.99824,
        0.99846,
        0.99826,
        0.99858,
        0.99874,
        0.99882,
        0.99872,
        0.99856,
        0.99864,
        0.9987,
        0.99864,
        0.99906,
        0.999,
        0.99888,
        0.99884,
        0.99922,
        0.99904,
        0.99896,
        0.99928,
        0.99918,
        0.99918,
        0.99912,
        0.99914,
        0.99922,
        0.99922,
        0.99936,
        0.9994,
        0.99904,
        0.99928,
        0.99938,
        0.9992,
        0.9995,
        0.99954,
        0.99958,
        0.99934,
        0.99952,
        0.99962,
        0.99954,
        0.9995,
        0.9995,
        0.99936,
        0.99962,
        0.99966,
        0.99944,
        0.9997,
        0.9996,
        0.99948,
        0.99946,
        0.99958,
        0.99966,
        0.99958,
        0.99966,
        0.9995,
        0.99954,
        0.99974,
        0.99964,
        0.99962,
        0.99956,
        0.99968,
        0.9996,
        0.99962,
        0.99968,
        0.99958,
        0.99972,
        0.99968,
        0.99962,
        0.9997,
        0.99982,
        0.99968,
        0.9997,
        0.99976,
        0.99974,
        0.99974,
        0.99974,
        0.99964,
        0.99992,
        0.99986,
        0.99974,
        0.99984,
        0.9997,
        0.9997
    ],
    "epoch": [
        1,
        2,
        3,
        4,
        5,
        6,
        7,
        8,
        9,
        10,
        11,
        12,
        13,
        14,
        15,
        16,
        17,
        18,
        19,
        20,
        21,
        22,
        23,
        24,
        25,
        26,
        27,
        28,
        29,
        30,
        31,
        32,
        33,
        34,
        35,
        36,
        37,
        38,
        39,
        40,
        41,
        42,
        43,
        44,
        45,
        46,
        47,
        48,
        49,
        50,
        51,
        52,
        53,
        54,
        55,
        56,
        57,
        58,
        59,
        60,
        61,
        62,
        63,
        64,
        65,
        66,
        67,
        68,
        69,
        70,
        71,
        72,
        73,
        74,
        75,
        76,
        77,
        78,
        79,
        80,
        81,
        82,
        83,
        84,
        85,
        86,
        87,
        88,
        89,
        90,
        91,
        92,
        93,
        94,
        95,
        96,
        97,
        98,
        99,
        100,
        101,
        102,
        103,
        104,
        105,
        106,
        107,
        108,
        109,
        110,
        111,
        112,
        113,
        114,
        115,
        116,
        117,
        118,
        119,
        120,
        121,
        122,
        123,
        124,
        125,
        126,
        127,
        128,
        129,
        130,
        131,
        132,
        133,
        134,
        135,
        136,
        137,
        138,
        139,
        140,
        141,
        142,
        143,
        144,
        145,
        146,
        147,
        148,
        149,
        150
    ],