{
    "acc test": [
        0.4891,
        0.6432,
        0.7141,
        0.7435,
        0.7829,
        0.8156,
        0.8129,
        0.793,
        0.796,
        0.8407,
        0.8563,
        0.8482,
        0.8588,
        0.8654,
        0.8633,
        0.867,
        0.8729,
        0.8778,
        0.8782,
        0.8856,
        0.8897,
        0.889,
        0.8918,
        0.8849,
        0.8929,
        0.894,
        0.8842,
        0.8908,
        0.8966,
        0.8909,
        0.895,
        0.9007,
        0.9059,
        0.9049,
        0.9054,
        0.9094,
        0.9138,
        0.9076,
        0.9127,
        0.9119,
        0.9158,
        0.9173,
        0.9157,
        0.917,
        0.9193,
        0.9163,
        0.9183,
        0.9187,
        0.9188,
        0.9191,
        0.9212,
        0.9221,
        0.921,
        0.9209,
        0.9214,
        0.9206,
        0.9211,
        0.921,
        0.9222,
        0.9211,
        0.9199,
        0.9208,
        0.9206,
        0.9214,
        0.9208,
        0.9222,
        0.9212,
        0.9216,
        0.9223,
        0.9233,
        0.9211,
        0.9204,
        0.9204,
        0.9215,
        0.9208,
        0.9223,
        0.9221,
        0.9213,
        0.9228,
        0.9194,
        0.9213,
        0.923,
        0.9226,
        0.9227,
        0.9247,
        0.9224,
        0.9219,
        0.9204,
        0.9206,
        0.9247,
        0.9209,
        0.9222,
        0.9214,
        0.9232,
        0.9224,
        0.9233,
        0.9207,
        0.9238,
        0.9235,
        0.9225,
        0.9236,
        0.9219,
        0.9226,
        0.923,
        0.924,
        0.924,
        0.9239,
        0.9238,
        0.9232,
        0.9229,
        0.9211,
        0.9251,
        0.9222,
        0.923,
        0.9247,
        0.9227,
        0.9236,
        0.924,
        0.9242,
        0.9226,
        0.9227,
        0.9216,
        0.9213,
        0.9232,
        0.9233,
        0.926,
        0.9247,
        0.9241,
        0.9244,
        0.9231,
        0.9224,
        0.924,
        0.9253,
        0.9238,
        0.9217,
        0.9238,
        0.9233,
        0.9238,
        0.9236,
        0.924,
        0.9236,
        0.9238,
        0.9246,
        0.9258,
        0.9237,
        0.9245,
        0.9234,
        0.9238,
        0.9248,
        0.9224
    ],
    "acc train": [
        0.42604,
        0.6112,
        0.68632,
        0.73712,
        0.7692,
        0.79174,
        0.81284,
        0.82374,
        0.83904,
        0.85326,
        0.8635,
        0.8676,
        0.87668,
        0.88818,
        0.8914,
        0.89808,
        0.90218,
        0.90994,
        0.91448,
        0.91916,
        0.92496,
        0.93064,
        0.93294,
        0.93512,
        0.9429,
        0.94512,
        0.93924,
        0.94028,
        0.94228,
        0.94624,
        0.95244,
        0.9594,
        0.96238,
        0.96724,
        0.9709,
        0.97584,
        0.9777,
        0.9818,
        0.98384,
        0.98444,
        0.98784,
        0.98932,
        0.98908,
        0.99122,
        0.9924,
        0.99244,
        0.99282,
        0.9937,
        0.99474,
        0.99418,
        0.99534,
        0.99524,
        0.9955,
        0.99632,
        0.99642,
        0.99616,
        0.99668,
        0.99688,
        0.99666,
        0.99736,
        0.99698,
        0.99768,
        0.99766,
        0.99746,
        0.99808,
        0.99808,
        0.99816,
        0.99846,
        0.99852,
        0.99832,
        0.99852,
        0.99834,
        0.99854,
        0.9988,
        0.9988,
        0.99886,
        0.99884,
        0.99894,
        0.99882,
        0.99888,
        0.9988,
        0.9988,
        0.99882,
        0.99884,
        0.99886,
        0.99922,
        0.99884,
        0.99904,
        0.99902,
        0.99904,
        0.99932,
        0.99954,
        0.9992,
        0.99908,
        0.99936,
        0.99924,
        0.9993,
        0.99918,
        0.99942,
        0.9993,
        0.99946,
        0.99914,
        0.99934,
        0.99946,
        0.99952,
        0.99942,
        0.99952,
        0.99952,
        0.99946,
        0.99942,
        0.9994,
        0.99952,
        0.9996,
        0.99974,
        0.99962,
        0.9997,
        0.9995,
        0.99976,
        0.99964,
        0.99976,
        0.99952,
        0.99954,
        0.99964,
        0.99938,
        0.9998,
        0.99962,
        0.99968,
        0.9997,
        0.99986,
        0.99978,
        0.99964,
        0.99966,
        0.99974,
        0.99958,
        0.99966,
        0.99978,
        0.9996,
        0.99964,
        0.99964,
        0.99956,
        0.9996,
        0.99984,
        0.99976,
        0.99984,
        0.9997,
        0.99978,
        0.99982,
        0.99976,
        0.9997,
        0.9999
    ],
    "epoch": [
        1,
        2,
        3,
        4,
        5,
        6,
        7,
        8,
        9,
        10,
        11,
        12,
        13,
        14,
        15,
        16,
        17,
        18,
        19,
        20,
        21,
        22,
        23,
        24,
        25,
        26,
        27,
        28,
        29,
        30,
        31,
        32,
        33,
        34,
        35,
        36,
        37,
        38,
        39,
        40,
        41,
        42,
        43,
        44,
        45,
        46,
        47,
        48,
        49,
        50,
        51,
        52,
        53,
        54,
        55,
        56,
        57,
        58,
        59,
        60,
        61,
        62,
        63,
        64,
        65,
        66,
        67,
        68,
        69,
        70,
        71,
        72,
        73,
        74,
        75,
        76,
        77,
        78,
        79,
        80,
        81,
        82,
        83,
        84,
        85,
        86,
        87,
        88,
        89,
        90,
        91,
        92,
        93,
        94,
        95,
        96,
        97,
        98,
        99,
        100,
        101,
        102,
        103,
        104,
        105,
        106,
        107,
        108,
        109,
        110,
        111,
        112,
        113,
        114,
        115,
        116,
        117,
        118,
        119,
        120,
        121,
        122,
        123,
        124,
        125,
        126,
        127,
        128,
        129,
        130,
        131,
        132,
        133,
        134,
        135,
        136,
        137,
        138,
        139,
        140,
        141,
        142,
        143,
        144,
        145,
        146,
        147,
        148,
        149,
        150
    ],