{
    "acc test": [
        0.4967,
        0.632,
        0.7156,
        0.7577,
        0.7866,
        0.8001,
        0.8207,
        0.7865,
        0.7937,
        0.8391,
        0.8568,
        0.8466,
        0.8596,
        0.8712,
        0.8702,
        0.8613,
        0.8728,
        0.8706,
        0.8717,
        0.8833,
        0.8927,
        0.8929,
        0.8911,
        0.8842,
        0.8845,
        0.9021,
        0.8862,
        0.8889,
        0.8943,
        0.8896,
        0.8977,
        0.8954,
        0.9065,
        0.9067,
        0.9093,
        0.9128,
        0.9127,
        0.9097,
        0.9137,
        0.9175,
        0.9138,
        0.9196,
        0.9205,
        0.9207,
        0.9206,
        0.918,
        0.9218,
        0.9215,
        0.9229,
        0.923,
        0.922,
        0.9249,
        0.9244,
        0.9225,
        0.9224,
        0.9243,
        0.9246,
        0.9225,
        0.9243,
        0.924,
        0.925,
        0.9245,
        0.9237,
        0.9233,
        0.9262,
        0.9234,
        0.9275,
        0.9277,
        0.925,
        0.9253,
        0.9262,
        0.9246,
        0.9253,
        0.9238,
        0.9266,
        0.9255,
        0.9259,
        0.9244,
        0.9259,
        0.9271,
        0.9265,
        0.9264,
        0.9254,
        0.926,
        0.9265,
        0.9257,
        0.9249,
        0.9256,
        0.926,
        0.9267,
        0.9256,
        0.9264,
        0.9263,
        0.9275,
        0.9283,
        0.9273,
        0.9264,
        0.9249,
        0.9273,
        0.9268,
        0.9278,
        0.9309,
        0.9275,
        0.9299,
        0.929,
        0.9257,
        0.927,
        0.9277,
        0.927,
        0.9266,
        0.9267,
        0.9279,
        0.9269,
        0.9246,
        0.9272,
        0.9277,
        0.9259,
        0.9265,
        0.9246,
        0.925,
        0.9268,
        0.9246,
        0.9272,
        0.9256,
        0.9272,
        0.9267,
        0.9249,
        0.9255,
        0.9261,
        0.9276,
        0.9237,
        0.927,
        0.9252,
        0.9251,
        0.9279,
        0.9274,
        0.9244,
        0.9263,
        0.9267,
        0.9259,
        0.9266,
        0.9257,
        0.9263,
        0.9254,
        0.9253,
        0.9266,
        0.9265,
        0.9254,
        0.9285,
        0.9273
    ],
    "acc train": [
        0.42834,
        0.60562,
        0.68638,
        0.73762,
        0.76778,
        0.793,
        0.8107,
        0.82776,
        0.84104,
        0.85144,
        0.86522,
        0.86942,
        0.8781,
        0.8889,
        0.89462,
        0.90096,
        0.90524,
        0.91072,
        0.91548,
        0.92106,
        0.9263,
        0.93034,
        0.93352,
        0.93802,
        0.94254,
        0.94674,
        0.94062,
        0.94162,
        0.9447,
        0.94694,
        0.95388,
        0.959,
        0.96358,
        0.96526,
        0.97242,
        0.97576,
        0.97782,
        0.98068,
        0.98248,
        0.98522,
        0.98682,
        0.9886,
        0.98896,
        0.99116,
        0.99158,
        0.99182,
        0.9928,
        0.9932,
        0.99408,
        0.99486,
        0.99544,
        0.99526,
        0.9958,
        0.99564,
        0.99624,
        0.99592,
        0.99678,
        0.99704,
        0.99714,
        0.99702,
        0.997,
        0.99792,
        0.9976,
        0.99788,
        0.99804,
        0.99798,
        0.99808,
        0.99798,
        0.99832,
        0.9981,
        0.99834,
        0.99828,
        0.99882,
        0.99844,
        0.9989,
        0.99862,
        0.99884,
        0.99886,
        0.99894,
        0.99894,
        0.99906,
        0.99882,
        0.99902,
        0.9992,
        0.99934,
        0.9991,
        0.99866,
        0.99928,
        0.99928,
        0.99894,
        0.99934,
        0.99932,
        0.99928,
        0.9994,
        0.99914,
        0.99914,
        0.99932,
        0.99948,
        0.9993,
        0.99926,
        0.99956,
        0.99944,
        0.99936,
        0.9993,
        0.99956,
        0.99946,
        0.99942,
        0.99942,
        0.99932,
        0.99958,
        0.99942,
        0.9995,
        0.99966,
        0.99952,
        0.9995,
        0.99954,
        0.9995,
        0.99962,
        0.99974,
        0.9995,
        0.99952,
        0.99962,
        0.9997,
        0.99966,
        0.99966,
        0.99966,
        0.99958,
        0.99958,
        0.99962,
        0.99958,
        0.99966,
        0.99968,
        0.99974,
        0.9998,
        0.99974,
        0.99968,
        0.99972,
        0.99964,
        0.99978,
        0.9998,
        0.99972,
        0.99968,
        0.9997,
        0.99966,
        0.9997,
        0.99984,
        0.99974,
        0.99982,
        0.99986,
        0.99972
    ],
    "epoch": [
        1,
        2,
        3,
        4,
        5,
        6,
        7,
        8,
        9,
        10,
        11,
        12,
        13,
        14,
        15,
        16,
        17,
        18,
        19,
        20,
        21,
        22,
        23,
        24,
        25,
        26,
        27,
        28,
        29,
        30,
        31,
        32,
        33,
        34,
        35,
        36,
        37,
        38,
        39,
        40,
        41,
        42,
        43,
        44,
        45,
        46,
        47,
        48,
        49,
        50,
        51,
        52,
        53,
        54,
        55,
        56,
        57,
        58,
        59,
        60,
        61,
        62,
        63,
        64,
        65,
        66,
        67,
        68,
        69,
        70,
        71,
        72,
        73,
        74,
        75,
        76,
        77,
        78,
        79,
        80,
        81,
        82,
        83,
        84,
        85,
        86,
        87,
        88,
        89,
        90,
        91,
        92,
        93,
        94,
        95,
        96,
        97,
        98,
        99,
        100,
        101,
        102,
        103,
        104,
        105,
        106,
        107,
        108,
        109,
        110,
        111,
        112,
        113,
        114,
        115,
        116,
        117,
        118,
        119,
        120,
        121,
        122,
        123,
        124,
        125,
        126,
        127,
        128,
        129,
        130,
        131,
        132,
        133,
        134,
        135,
        136,
        137,
        138,
        139,
        140,
        141,
        142,
        143,
        144,
        145,
        146,
        147,
        148,
        149,
        150
    ],