{
    "acc test": [
        0.4727,
        0.6169,
        0.7185,
        0.7599,
        0.7905,
        0.8054,
        0.8224,
        0.8075,
        0.8061,
        0.8407,
        0.8573,
        0.8469,
        0.8564,
        0.8679,
        0.8666,
        0.8646,
        0.8651,
        0.873,
        0.8751,
        0.8856,
        0.8861,
        0.8901,
        0.8909,
        0.8855,
        0.8914,
        0.8884,
        0.8786,
        0.8951,
        0.8962,
        0.8936,
        0.8981,
        0.9023,
        0.9055,
        0.9039,
        0.9075,
        0.9129,
        0.9142,
        0.9161,
        0.9177,
        0.917,
        0.9178,
        0.9204,
        0.9204,
        0.9197,
        0.9192,
        0.9192,
        0.9228,
        0.9204,
        0.922,
        0.9252,
        0.9237,
        0.9217,
        0.9216,
        0.9221,
        0.9245,
        0.9233,
        0.9233,
        0.9228,
        0.9238,
        0.9245,
        0.9239,
        0.9243,
        0.923,
        0.9239,
        0.9259,
        0.9235,
        0.9246,
        0.9256,
        0.925,
        0.9248,
        0.9247,
        0.9256,
        0.9244,
        0.926,
        0.925,
        0.9282,
        0.9259,
        0.9247,
        0.9254,
        0.9272,
        0.9254,
        0.9261,
        0.9279,
        0.9262,
        0.926,
        0.9255,
        0.9243,
        0.9242,
        0.9279,
        0.9271,
        0.9243,
        0.9258,
        0.9271,
        0.926,
        0.9271,
        0.9266,
        0.9262,
        0.9267,
        0.9279,
        0.927,
        0.9247,
        0.9295,
        0.9262,
        0.9267,
        0.9265,
        0.9263,
        0.9283,
        0.9276,
        0.9285,
        0.9274,
        0.9284,
        0.9272,
        0.9256,
        0.927,
        0.9274,
        0.9261,
        0.9271,
        0.9278,
        0.9276,
        0.9258,
        0.9273,
        0.928,
        0.9271,
        0.9277,
        0.9265,
        0.9283,
        0.9283,
        0.9273,
        0.9261,
        0.928,
        0.9276,
        0.9255,
        0.9246,
        0.9277,
        0.9286,
        0.927,
        0.9268,
        0.9281,
        0.9274,
        0.9281,
        0.9281,
        0.9279,
        0.9293,
        0.9274,
        0.9279,
        0.9289,
        0.9301,
        0.9289,
        0.9279,
        0.928
    ],
    "acc train": [
        0.42602,
        0.60698,
        0.68682,
        0.73538,
        0.77194,
        0.79408,
        0.8123,
        0.82932,
        0.84392,
        0.85354,
        0.86498,
        0.8706,
        0.87874,
        0.88748,
        0.89456,
        0.90052,
        0.90452,
        0.91328,
        0.91604,
        0.92028,
        0.92596,
        0.93206,
        0.9354,
        0.93846,
        0.94396,
        0.94738,
        0.94122,
        0.94148,
        0.94308,
        0.94744,
        0.9565,
        0.96044,
        0.96464,
        0.96826,
        0.97368,
        0.97538,
        0.97864,
        0.9813,
        0.9841,
        0.98622,
        0.98702,
        0.9891,
        0.99032,
        0.9911,
        0.99202,
        0.9919,
        0.99334,
        0.994,
        0.9947,
        0.99462,
        0.99578,
        0.99568,
        0.996,
        0.99606,
        0.99654,
        0.99618,
        0.99622,
        0.99678,
        0.99694,
        0.99704,
        0.99728,
        0.9972,
        0.9974,
        0.9976,
        0.99788,
        0.9981,
        0.99828,
        0.99826,
        0.99858,
        0.99852,
        0.99842,
        0.99844,
        0.99848,
        0.99872,
        0.9985,
        0.9989,
        0.99866,
        0.9988,
        0.99902,
        0.99904,
        0.99904,
        0.99874,
        0.99884,
        0.999,
        0.99874,
        0.99892,
        0.99902,
        0.99922,
        0.99928,
        0.9994,
        0.9993,
        0.99934,
        0.99916,
        0.9993,
        0.99908,
        0.9994,
        0.99944,
        0.99932,
        0.99916,
        0.99942,
        0.99948,
        0.99944,
        0.99942,
        0.9995,
        0.99932,
        0.99958,
        0.99962,
        0.9994,
        0.99934,
        0.99944,
        0.99958,
        0.99954,
        0.9995,
        0.9996,
        0.99954,
        0.99954,
        0.99954,
        0.99964,
        0.99962,
        0.99968,
        0.99958,
        0.99962,
        0.9996,
        0.99964,
        0.99958,
        0.99968,
        0.9997,
        0.9996,
        0.9997,
        0.99972,
        0.9998,
        0.99972,
        0.9998,
        0.99964,
        0.9997,
        0.99968,
        0.9997,
        0.99968,
        0.99976,
        0.99978,
        0.99978,
        0.99976,
        0.99974,
        0.9997,
        0.9998,
        0.99978,
        0.9998,
        0.99988,
        0.99976,
        0.99988
    ],
    "epoch": [
        1,
        2,
        3,
        4,
        5,
        6,
        7,
        8,
        9,
        10,
        11,
        12,
        13,
        14,
        15,
        16,
        17,
        18,
        19,
        20,
        21,
        22,
        23,
        24,
        25,
        26,
        27,
        28,
        29,
        30,
        31,
        32,
        33,
        34,
        35,
        36,
        37,
        38,
        39,
        40,
        41,
        42,
        43,
        44,
        45,
        46,
        47,
        48,
        49,
        50,
        51,
        52,
        53,
        54,
        55,
        56,
        57,
        58,
        59,
        60,
        61,
        62,
        63,
        64,
        65,
        66,
        67,
        68,
        69,
        70,
        71,
        72,
        73,
        74,
        75,
        76,
        77,
        78,
        79,
        80,
        81,
        82,
        83,
        84,
        85,
        86,
        87,
        88,
        89,
        90,
        91,
        92,
        93,
        94,
        95,
        96,
        97,
        98,
        99,
        100,
        101,
        102,
        103,
        104,
        105,
        106,
        107,
        108,
        109,
        110,
        111,
        112,
        113,
        114,
        115,
        116,
        117,
        118,
        119,
        120,
        121,
        122,
        123,
        124,
        125,
        126,
        127,
        128,
        129,
        130,
        131,
        132,
        133,
        134,
        135,
        136,
        137,
        138,
        139,
        140,
        141,
        142,
        143,
        144,
        145,
        146,
        147,
        148,
        149,
        150
    ],