{
    "acc test": [
        0.4742,
        0.6248,
        0.7238,
        0.7407,
        0.7877,
        0.8097,
        0.8193,
        0.8143,
        0.7909,
        0.8371,
        0.8535,
        0.8447,
        0.8581,
        0.8712,
        0.8671,
        0.8706,
        0.8626,
        0.8767,
        0.8637,
        0.8804,
        0.8861,
        0.8936,
        0.8948,
        0.8808,
        0.8909,
        0.8956,
        0.8827,
        0.8749,
        0.8979,
        0.9,
        0.8968,
        0.8979,
        0.9014,
        0.9006,
        0.9073,
        0.9089,
        0.9097,
        0.9132,
        0.9096,
        0.9129,
        0.9144,
        0.9184,
        0.9179,
        0.9183,
        0.9193,
        0.9166,
        0.9187,
        0.9185,
        0.9199,
        0.9211,
        0.9193,
        0.9204,
        0.919,
        0.9194,
        0.9223,
        0.9219,
        0.9224,
        0.9196,
        0.9232,
        0.9226,
        0.9217,
        0.9244,
        0.9222,
        0.923,
        0.9233,
        0.9249,
        0.9232,
        0.9229,
        0.9226,
        0.9246,
        0.9245,
        0.925,
        0.9229,
        0.9237,
        0.9239,
        0.9246,
        0.9247,
        0.9244,
        0.9267,
        0.9245,
        0.9254,
        0.9236,
        0.925,
        0.9253,
        0.9254,
        0.9262,
        0.9256,
        0.925,
        0.925,
        0.9251,
        0.9266,
        0.9236,
        0.9257,
        0.9268,
        0.9251,
        0.9255,
        0.9236,
        0.9252,
        0.9257,
        0.927,
        0.9247,
        0.9264,
        0.9283,
        0.9264,
        0.9259,
        0.927,
        0.9257,
        0.9262,
        0.9242,
        0.9254,
        0.9259,
        0.9261,
        0.9247,
        0.9247,
        0.9258,
        0.9252,
        0.9235,
        0.9261,
        0.9244,
        0.9265,
        0.9247,
        0.9268,
        0.9249,
        0.9254,
        0.9256,
        0.9251,
        0.9248,
        0.9254,
        0.9247,
        0.9252,
        0.9258,
        0.9253,
        0.9256,
        0.9249,
        0.925,
        0.9266,
        0.9267,
        0.9264,
        0.9252,
        0.9269,
        0.9254,
        0.9246,
        0.9249,
        0.9266,
        0.9256,
        0.9263,
        0.9251,
        0.9272,
        0.9261,
        0.925
    ],
    "acc train": [
        0.42574,
        0.60886,
        0.68872,
        0.7384,
        0.76706,
        0.79224,
        0.81074,
        0.82752,
        0.84182,
        0.85188,
        0.86376,
        0.86874,
        0.87844,
        0.88576,
        0.89308,
        0.9008,
        0.90696,
        0.9126,
        0.91628,
        0.92036,
        0.92478,
        0.9314,
        0.93512,
        0.93834,
        0.94218,
        0.94712,
        0.9398,
        0.94116,
        0.93956,
        0.94554,
        0.95216,
        0.95854,
        0.96304,
        0.9669,
        0.97186,
        0.975,
        0.97716,
        0.98138,
        0.98334,
        0.98568,
        0.98658,
        0.98832,
        0.98996,
        0.9912,
        0.99164,
        0.99174,
        0.99338,
        0.99382,
        0.9941,
        0.99482,
        0.99508,
        0.99496,
        0.99556,
        0.99646,
        0.99576,
        0.99656,
        0.99654,
        0.9969,
        0.9966,
        0.99726,
        0.99748,
        0.9973,
        0.99788,
        0.99782,
        0.9985,
        0.99806,
        0.99778,
        0.9981,
        0.99836,
        0.99822,
        0.9985,
        0.9987,
        0.9986,
        0.99852,
        0.99856,
        0.99872,
        0.99888,
        0.99884,
        0.99888,
        0.99894,
        0.999,
        0.99902,
        0.99882,
        0.99904,
        0.99908,
        0.99914,
        0.9992,
        0.9991,
        0.99916,
        0.99934,
        0.9992,
        0.99918,
        0.9992,
        0.99914,
        0.99932,
        0.99926,
        0.99932,
        0.99916,
        0.9993,
        0.99944,
        0.99946,
        0.99934,
        0.99954,
        0.99942,
        0.9996,
        0.99962,
        0.99946,
        0.9994,
        0.99942,
        0.99954,
        0.9995,
        0.9995,
        0.99954,
        0.9995,
        0.99956,
        0.9996,
        0.9996,
        0.99966,
        0.99968,
        0.9996,
        0.9997,
        0.99974,
        0.99964,
        0.9997,
        0.99968,
        0.99978,
        0.9998,
        0.9997,
        0.99976,
        0.99976,
        0.99976,
        0.99958,
        0.99962,
        0.99962,
        0.99974,
        0.99974,
        0.99984,
        0.99976,
        0.99978,
        0.99976,
        0.99964,
        0.99982,
        0.9996,
        0.99966,
        0.99972,
        0.99986,
        0.99982,
        0.99986,
        0.9997,
        0.99974
    ],
    "epoch": [
        1,
        2,
        3,
        4,
        5,
        6,
        7,
        8,
        9,
        10,
        11,
        12,
        13,
        14,
        15,
        16,
        17,
        18,
        19,
        20,
        21,
        22,
        23,
        24,
        25,
        26,
        27,
        28,
        29,
        30,
        31,
        32,
        33,
        34,
        35,
        36,
        37,
        38,
        39,
        40,
        41,
        42,
        43,
        44,
        45,
        46,
        47,
        48,
        49,
        50,
        51,
        52,
        53,
        54,
        55,
        56,
        57,
        58,
        59,
        60,
        61,
        62,
        63,
        64,
        65,
        66,
        67,
        68,
        69,
        70,
        71,
        72,
        73,
        74,
        75,
        76,
        77,
        78,
        79,
        80,
        81,
        82,
        83,
        84,
        85,
        86,
        87,
        88,
        89,
        90,
        91,
        92,
        93,
        94,
        95,
        96,
        97,
        98,
        99,
        100,
        101,
        102,
        103,
        104,
        105,
        106,
        107,
        108,
        109,
        110,
        111,
        112,
        113,
        114,
        115,
        116,
        117,
        118,
        119,
        120,
        121,
        122,
        123,
        124,
        125,
        126,
        127,
        128,
        129,
        130,
        131,
        132,
        133,
        134,
        135,
        136,
        137,
        138,
        139,
        140,
        141,
        142,
        143,
        144,
        145,
        146,
        147,
        148,
        149,
        150
    ],