{
    "acc test": [
        0.4613,
        0.5854,
        0.7244,
        0.7535,
        0.7898,
        0.805,
        0.8168,
        0.8132,
        0.7956,
        0.8433,
        0.8563,
        0.8579,
        0.8575,
        0.8736,
        0.8701,
        0.873,
        0.8651,
        0.8732,
        0.8745,
        0.8823,
        0.8822,
        0.8933,
        0.8929,
        0.8792,
        0.8943,
        0.8934,
        0.8875,
        0.8945,
        0.8897,
        0.8999,
        0.902,
        0.9003,
        0.9082,
        0.9052,
        0.9061,
        0.9143,
        0.9133,
        0.9133,
        0.9154,
        0.9103,
        0.9157,
        0.919,
        0.9194,
        0.9206,
        0.9174,
        0.9183,
        0.9189,
        0.918,
        0.9194,
        0.9201,
        0.9217,
        0.9223,
        0.9225,
        0.9216,
        0.9219,
        0.9168,
        0.9209,
        0.9201,
        0.9223,
        0.9232,
        0.9224,
        0.9218,
        0.922,
        0.9223,
        0.921,
        0.9238,
        0.9221,
        0.9229,
        0.9218,
        0.9223,
        0.9228,
        0.9211,
        0.9247,
        0.9236,
        0.9228,
        0.9234,
        0.9235,
        0.9237,
        0.9237,
        0.9235,
        0.9236,
        0.9244,
        0.9243,
        0.9251,
        0.9239,
        0.9239,
        0.9242,
        0.9237,
        0.9236,
        0.9243,
        0.9242,
        0.9218,
        0.9224,
        0.9246,
        0.9253,
        0.923,
        0.9231,
        0.9239,
        0.9233,
        0.925,
        0.9238,
        0.9248,
        0.9231,
        0.9247,
        0.9253,
        0.9261,
        0.9241,
        0.9251,
        0.9256,
        0.9222,
        0.9245,
        0.9254,
        0.9236,
        0.9244,
        0.9243,
        0.9242,
        0.9234,
        0.9246,
        0.926,
        0.925,
        0.9251,
        0.9246,
        0.9244,
        0.9253,
        0.9262,
        0.9261,
        0.9247,
        0.9255,
        0.9266,
        0.9244,
        0.9254,
        0.9255,
        0.9246,
        0.9264,
        0.9255,
        0.9254,
        0.9254,
        0.9255,
        0.927,
        0.9263,
        0.9258,
        0.9264,
        0.9263,
        0.9258,
        0.9254,
        0.9263,
        0.9249,
        0.9264,
        0.9268,
        0.926
    ],
    "acc train": [
        0.42422,
        0.60516,
        0.68648,
        0.73522,
        0.7671,
        0.79212,
        0.81298,
        0.82608,
        0.8424,
        0.85086,
        0.8646,
        0.87148,
        0.87874,
        0.88936,
        0.89366,
        0.90018,
        0.90584,
        0.91228,
        0.918,
        0.92088,
        0.92684,
        0.93132,
        0.93452,
        0.93902,
        0.9434,
        0.947,
        0.94194,
        0.94186,
        0.943,
        0.94738,
        0.95362,
        0.95978,
        0.96402,
        0.96876,
        0.97362,
        0.97624,
        0.97944,
        0.98188,
        0.98374,
        0.98514,
        0.98678,
        0.9895,
        0.9898,
        0.991,
        0.9918,
        0.99224,
        0.99308,
        0.99388,
        0.99448,
        0.99472,
        0.99552,
        0.99578,
        0.99582,
        0.99604,
        0.99676,
        0.99604,
        0.9965,
        0.99654,
        0.99684,
        0.99714,
        0.99744,
        0.99766,
        0.99768,
        0.99776,
        0.99816,
        0.99826,
        0.99822,
        0.99834,
        0.99844,
        0.99848,
        0.99832,
        0.99844,
        0.99842,
        0.99874,
        0.99878,
        0.99862,
        0.99838,
        0.99874,
        0.99896,
        0.999,
        0.9992,
        0.99884,
        0.99896,
        0.99886,
        0.99922,
        0.9992,
        0.99914,
        0.99916,
        0.99922,
        0.9991,
        0.99906,
        0.99922,
        0.99912,
        0.99916,
        0.99928,
        0.99938,
        0.99924,
        0.9993,
        0.9993,
        0.9993,
        0.99942,
        0.99936,
        0.99934,
        0.99946,
        0.99948,
        0.9996,
        0.99944,
        0.9996,
        0.99958,
        0.9996,
        0.99964,
        0.99942,
        0.99948,
        0.99972,
        0.99954,
        0.99964,
        0.9996,
        0.99976,
        0.99966,
        0.99972,
        0.9995,
        0.9996,
        0.99966,
        0.99952,
        0.9993,
        0.99966,
        0.99958,
        0.99972,
        0.99958,
        0.99986,
        0.99956,
        0.99974,
        0.99976,
        0.99988,
        0.99968,
        0.9997,
        0.99978,
        0.99976,
        0.99978,
        0.99976,
        0.99976,
        0.9998,
        0.99988,
        0.99966,
        0.99968,
        0.9998,
        0.9998,
        0.99974,
        0.99974,
        0.99978
    ],
    "epoch": [
        1,
        2,
        3,
        4,
        5,
        6,
        7,
        8,
        9,
        10,
        11,
        12,
        13,
        14,
        15,
        16,
        17,
        18,
        19,
        20,
        21,
        22,
        23,
        24,
        25,
        26,
        27,
        28,
        29,
        30,
        31,
        32,
        33,
        34,
        35,
        36,
        37,
        38,
        39,
        40,
        41,
        42,
        43,
        44,
        45,
        46,
        47,
        48,
        49,
        50,
        51,
        52,
        53,
        54,
        55,
        56,
        57,
        58,
        59,
        60,
        61,
        62,
        63,
        64,
        65,
        66,
        67,
        68,
        69,
        70,
        71,
        72,
        73,
        74,
        75,
        76,
        77,
        78,
        79,
        80,
        81,
        82,
        83,
        84,
        85,
        86,
        87,
        88,
        89,
        90,
        91,
        92,
        93,
        94,
        95,
        96,
        97,
        98,
        99,
        100,
        101,
        102,
        103,
        104,
        105,
        106,
        107,
        108,
        109,
        110,
        111,
        112,
        113,
        114,
        115,
        116,
        117,
        118,
        119,
        120,
        121,
        122,
        123,
        124,
        125,
        126,
        127,
        128,
        129,
        130,
        131,
        132,
        133,
        134,
        135,
        136,
        137,
        138,
        139,
        140,
        141,
        142,
        143,
        144,
        145,
        146,
        147,
        148,
        149,
        150
    ],