{"sgd": {"rho": 0.8466591373818418, "stepsize": 0.016285456721072053}, "BBI": {"stepsize": 0.062202679268981535}}