{
    "acc test": [
        0.6008,
        0.6971,
        0.7428,
        0.7439,
        0.7956,
        0.8225,
        0.8141,
        0.8325,
        0.8553,
        0.8662,
        0.8536,
        0.8758,
        0.8765,
        0.8503,
        0.8613,
        0.8614,
        0.896,
        0.8635,
        0.8754,
        0.8788,
        0.8988,
        0.8813,
        0.8975,
        0.8896,
        0.8917,
        0.8996,
        0.8807,
        0.9046,
        0.9025,
        0.9002,
        0.9006,
        0.908,
        0.9104,
        0.9047,
        0.9091,
        0.9076,
        0.8993,
        0.9082,
        0.9035,
        0.9026,
        0.9092,
        0.9085,
        0.9128,
        0.9111,
        0.9131,
        0.9135,
        0.9143,
        0.9171,
        0.9163,
        0.9101,
        0.9169,
        0.9113,
        0.9186,
        0.9165,
        0.905,
        0.9188,
        0.9131,
        0.9187,
        0.9228,
        0.9205,
        0.918,
        0.9183,
        0.9197,
        0.9208,
        0.9201,
        0.9191,
        0.9217,
        0.9236,
        0.9206,
        0.9256,
        0.9172,
        0.9256,
        0.9222,
        0.9225,
        0.9249,
        0.9229,
        0.9212,
        0.9202,
        0.9216,
        0.923,
        0.9192,
        0.9189,
        0.924,
        0.9216,
        0.9276,
        0.9209,
        0.9243,
        0.926,
        0.926,
        0.9281,
        0.9236,
        0.9237,
        0.9233,
        0.9241,
        0.9185,
        0.9237,
        0.9203,
        0.9281,
        0.9135,
        0.9261,
        0.9257,
        0.9251,
        0.9259,
        0.9251,
        0.9272,
        0.9219,
        0.9256,
        0.9224,
        0.9253,
        0.9252,
        0.9246,
        0.9264,
        0.9262,
        0.9277,
        0.927,
        0.9242,
        0.9244,
        0.9316,
        0.9273,
        0.9261,
        0.9272,
        0.9276,
        0.9236,
        0.9247,
        0.9278,
        0.9269,
        0.9284,
        0.9248,
        0.9246,
        0.927,
        0.9305,
        0.9285,
        0.9243,
        0.9278,
        0.9248,
        0.9292,
        0.9261,
        0.9253,
        0.9276,
        0.9281,
        0.9254,
        0.9273,
        0.927,
        0.9263,
        0.9281,
        0.9276,
        0.9292,
        0.928,
        0.9276,
        0.9304
    ],
    "acc train": [
        0.48434,
        0.67852,
        0.75544,
        0.79636,
        0.82404,
        0.84548,
        0.85874,
        0.8729,
        0.88114,
        0.8891,
        0.89968,
        0.9055,
        0.9111,
        0.9157,
        0.92302,
        0.92792,
        0.93254,
        0.93574,
        0.9402,
        0.94302,
        0.94652,
        0.95208,
        0.95306,
        0.95384,
        0.95744,
        0.96162,
        0.96192,
        0.9648,
        0.96546,
        0.9677,
        0.96858,
        0.9714,
        0.97274,
        0.97484,
        0.97534,
        0.97664,
        0.97836,
        0.9802,
        0.97836,
        0.9796,
        0.98096,
        0.98334,
        0.98386,
        0.98278,
        0.98438,
        0.9847,
        0.9872,
        0.98616,
        0.98644,
        0.98632,
        0.99022,
        0.98874,
        0.98914,
        0.98986,
        0.99032,
        0.98994,
        0.98768,
        0.99156,
        0.9901,
        0.99014,
        0.99074,
        0.99408,
        0.99284,
        0.99234,
        0.99338,
        0.99242,
        0.99302,
        0.99292,
        0.99418,
        0.99378,
        0.99356,
        0.99464,
        0.99384,
        0.99542,
        0.99618,
        0.99584,
        0.99512,
        0.99428,
        0.99474,
        0.99528,
        0.99586,
        0.99508,
        0.9947,
        0.99566,
        0.9966,
        0.9966,
        0.99524,
        0.99522,
        0.99634,
        0.99724,
        0.99696,
        0.99558,
        0.99598,
        0.9959,
        0.99718,
        0.99518,
        0.99668,
        0.99626,
        0.99724,
        0.99736,
        0.99674,
        0.9966,
        0.99662,
        0.99758,
        0.99718,
        0.9968,
        0.9967,
        0.99746,
        0.99566,
        0.99636,
        0.99638,
        0.99672,
        0.99682,
        0.9973,
        0.99838,
        0.997,
        0.99696,
        0.99788,
        0.99742,
        0.99816,
        0.9979,
        0.99806,
        0.99656,
        0.99754,
        0.99724,
        0.99818,
        0.9982,
        0.99868,
        0.99804,
        0.99794,
        0.9982,
        0.99894,
        0.9984,
        0.99862,
        0.9985,
        0.99896,
        0.9988,
        0.9984,
        0.99832,
        0.99782,
        0.9983,
        0.99882,
        0.99812,
        0.9982,
        0.99772,
        0.99878,
        0.99884,
        0.99882,
        0.99784,
        0.99838
    ],
    "epoch": [
        1,
        2,
        3,
        4,
        5,
        6,
        7,
        8,
        9,
        10,
        11,
        12,
        13,
        14,
        15,
        16,
        17,
        18,
        19,
        20,
        21,
        22,
        23,
        24,
        25,
        26,
        27,
        28,
        29,
        30,
        31,
        32,
        33,
        34,
        35,
        36,
        37,
        38,
        39,
        40,
        41,
        42,
        43,
        44,
        45,
        46,
        47,
        48,
        49,
        50,
        51,
        52,
        53,
        54,
        55,
        56,
        57,
        58,
        59,
        60,
        61,
        62,
        63,
        64,
        65,
        66,
        67,
        68,
        69,
        70,
        71,
        72,
        73,
        74,
        75,
        76,
        77,
        78,
        79,
        80,
        81,
        82,
        83,
        84,
        85,
        86,
        87,
        88,
        89,
        90,
        91,
        92,
        93,
        94,
        95,
        96,
        97,
        98,
        99,
        100,
        101,
        102,
        103,
        104,
        105,
        106,
        107,
        108,
        109,
        110,
        111,
        112,
        113,
        114,
        115,
        116,
        117,
        118,
        119,
        120,
        121,
        122,
        123,
        124,
        125,
        126,
        127,
        128,
        129,
        130,
        131,
        132,
        133,
        134,
        135,
        136,
        137,
        138,
        139,
        140,
        141,
        142,
        143,
        144,
        145,
        146,
        147,
        148,
        149,
        150
    ],