{
    "acc test": [
        0.4796,
        0.6411,
        0.7118,
        0.7535,
        0.786,
        0.8012,
        0.8148,
        0.8045,
        0.794,
        0.8423,
        0.8596,
        0.852,
        0.8505,
        0.8708,
        0.8673,
        0.8684,
        0.8708,
        0.8807,
        0.8803,
        0.8917,
        0.887,
        0.8903,
        0.8909,
        0.8866,
        0.8911,
        0.8964,
        0.8851,
        0.8944,
        0.8929,
        0.8963,
        0.8957,
        0.9018,
        0.9059,
        0.9046,
        0.8987,
        0.9108,
        0.9106,
        0.9108,
        0.9148,
        0.913,
        0.9159,
        0.919,
        0.9168,
        0.9199,
        0.919,
        0.9183,
        0.917,
        0.9208,
        0.9216,
        0.9185,
        0.9202,
        0.9204,
        0.9211,
        0.9182,
        0.9207,
        0.922,
        0.9207,
        0.9211,
        0.9253,
        0.9246,
        0.9237,
        0.9243,
        0.9251,
        0.9232,
        0.924,
        0.9231,
        0.9259,
        0.9248,
        0.9237,
        0.9245,
        0.9246,
        0.9264,
        0.9246,
        0.9244,
        0.9261,
        0.9252,
        0.9236,
        0.9235,
        0.9242,
        0.9247,
        0.9252,
        0.9241,
        0.9267,
        0.9259,
        0.9249,
        0.9262,
        0.9279,
        0.9256,
        0.9274,
        0.9247,
        0.9266,
        0.9269,
        0.9278,
        0.9263,
        0.9257,
        0.9261,
        0.9261,
        0.9245,
        0.9251,
        0.9254,
        0.9242,
        0.9263,
        0.9257,
        0.926,
        0.9248,
        0.9254,
        0.9256,
        0.9258,
        0.9243,
        0.9258,
        0.9256,
        0.927,
        0.9255,
        0.9256,
        0.9244,
        0.9245,
        0.9237,
        0.9265,
        0.9251,
        0.925,
        0.926,
        0.9253,
        0.9252,
        0.9263,
        0.9243,
        0.925,
        0.9248,
        0.9226,
        0.9261,
        0.9248,
        0.926,
        0.9253,
        0.9264,
        0.926,
        0.9273,
        0.9272,
        0.9269,
        0.9261,
        0.9268,
        0.9272,
        0.9264,
        0.9255,
        0.9265,
        0.9259,
        0.9267,
        0.927,
        0.9261,
        0.926,
        0.9267,
        0.9264
    ],
    "acc train": [
        0.4286,
        0.60996,
        0.69094,
        0.73564,
        0.76916,
        0.79162,
        0.81026,
        0.8235,
        0.84318,
        0.8499,
        0.86358,
        0.86922,
        0.87484,
        0.88828,
        0.8948,
        0.90134,
        0.90612,
        0.91136,
        0.91616,
        0.92168,
        0.92732,
        0.93178,
        0.93424,
        0.93574,
        0.94194,
        0.94556,
        0.94008,
        0.93968,
        0.9442,
        0.94686,
        0.95292,
        0.95948,
        0.96208,
        0.96792,
        0.97122,
        0.9743,
        0.97732,
        0.98102,
        0.98268,
        0.98558,
        0.98674,
        0.9886,
        0.98984,
        0.99066,
        0.99128,
        0.99236,
        0.99294,
        0.99342,
        0.99396,
        0.9951,
        0.99464,
        0.99598,
        0.9953,
        0.99594,
        0.99604,
        0.99608,
        0.99636,
        0.99706,
        0.99696,
        0.99696,
        0.99716,
        0.9974,
        0.99754,
        0.99738,
        0.99792,
        0.99802,
        0.99832,
        0.99804,
        0.99846,
        0.99806,
        0.9984,
        0.99816,
        0.99872,
        0.99848,
        0.9987,
        0.9985,
        0.99872,
        0.99846,
        0.99864,
        0.99854,
        0.99906,
        0.9989,
        0.99892,
        0.99886,
        0.99918,
        0.99912,
        0.99882,
        0.99926,
        0.99912,
        0.99924,
        0.99898,
        0.99918,
        0.99906,
        0.99942,
        0.99914,
        0.99924,
        0.99926,
        0.99906,
        0.99956,
        0.9992,
        0.99928,
        0.9993,
        0.9994,
        0.99936,
        0.99974,
        0.9995,
        0.99918,
        0.99942,
        0.99944,
        0.99956,
        0.99966,
        0.99944,
        0.99946,
        0.99942,
        0.99936,
        0.9996,
        0.99964,
        0.9996,
        0.99964,
        0.99964,
        0.9996,
        0.9997,
        0.99946,
        0.99954,
        0.9996,
        0.99958,
        0.99962,
        0.99974,
        0.99948,
        0.99988,
        0.9998,
        0.99956,
        0.99976,
        0.99968,
        0.99968,
        0.99964,
        0.99984,
        0.9996,
        0.99984,
        0.99984,
        0.99968,
        0.99966,
        0.99974,
        0.9997,
        0.99978,
        0.9998,
        0.99974,
        0.9998,
        0.99974,
        0.99976
    ],
    "epoch": [
        1,
        2,
        3,
        4,
        5,
        6,
        7,
        8,
        9,
        10,
        11,
        12,
        13,
        14,
        15,
        16,
        17,
        18,
        19,
        20,
        21,
        22,
        23,
        24,
        25,
        26,
        27,
        28,
        29,
        30,
        31,
        32,
        33,
        34,
        35,
        36,
        37,
        38,
        39,
        40,
        41,
        42,
        43,
        44,
        45,
        46,
        47,
        48,
        49,
        50,
        51,
        52,
        53,
        54,
        55,
        56,
        57,
        58,
        59,
        60,
        61,
        62,
        63,
        64,
        65,
        66,
        67,
        68,
        69,
        70,
        71,
        72,
        73,
        74,
        75,
        76,
        77,
        78,
        79,
        80,
        81,
        82,
        83,
        84,
        85,
        86,
        87,
        88,
        89,
        90,
        91,
        92,
        93,
        94,
        95,
        96,
        97,
        98,
        99,
        100,
        101,
        102,
        103,
        104,
        105,
        106,
        107,
        108,
        109,
        110,
        111,
        112,
        113,
        114,
        115,
        116,
        117,
        118,
        119,
        120,
        121,
        122,
        123,
        124,
        125,
        126,
        127,
        128,
        129,
        130,
        131,
        132,
        133,
        134,
        135,
        136,
        137,
        138,
        139,
        140,
        141,
        142,
        143,
        144,
        145,
        146,
        147,
        148,
        149,
        150
    ],