{
    "acc test": [
        0.581,
        0.6108,
        0.7562,
        0.7841,
        0.7872,
        0.8057,
        0.8334,
        0.8389,
        0.8555,
        0.8438,
        0.8478,
        0.8531,
        0.8515,
        0.8709,
        0.8829,
        0.8764,
        0.8612,
        0.8906,
        0.8829,
        0.8832,
        0.8845,
        0.8954,
        0.8779,
        0.8781,
        0.9009,
        0.9034,
        0.901,
        0.8988,
        0.8907,
        0.9057,
        0.9063,
        0.9018,
        0.9049,
        0.8973,
        0.9046,
        0.9012,
        0.9148,
        0.9059,
        0.9086,
        0.9143,
        0.9125,
        0.9129,
        0.9106,
        0.9101,
        0.8941,
        0.9154,
        0.9119,
        0.918,
        0.9095,
        0.9174,
        0.914,
        0.9119,
        0.916,
        0.9184,
        0.9149,
        0.9202,
        0.9155,
        0.9222,
        0.9172,
        0.9216,
        0.9138,
        0.9211,
        0.9138,
        0.9147,
        0.9224,
        0.9124,
        0.9199,
        0.9225,
        0.9177,
        0.9197,
        0.9252,
        0.9211,
        0.9211,
        0.921,
        0.9247,
        0.9202,
        0.9225,
        0.9206,
        0.922,
        0.9225,
        0.9166,
        0.9247,
        0.9218,
        0.9209,
        0.9208,
        0.9269,
        0.9231,
        0.9251,
        0.9213,
        0.9198,
        0.9193,
        0.9236,
        0.926,
        0.9236,
        0.9206,
        0.9261,
        0.9225,
        0.9245,
        0.9193,
        0.9217,
        0.9244,
        0.924,
        0.9256,
        0.9224,
        0.9238,
        0.9253,
        0.9224,
        0.922,
        0.923,
        0.9244,
        0.9241,
        0.9276,
        0.9206,
        0.9265,
        0.9227,
        0.9245,
        0.9244,
        0.9235,
        0.9239,
        0.922,
        0.922,
        0.9269,
        0.9262,
        0.9297,
        0.928,
        0.9241,
        0.9281,
        0.9257,
        0.9272,
        0.9277,
        0.9249,
        0.9276,
        0.9281,
        0.9256,
        0.9251,
        0.9269,
        0.9246,
        0.9285,
        0.9264,
        0.927,
        0.9269,
        0.9324,
        0.9267,
        0.9259,
        0.93,
        0.9232,
        0.929,
        0.9291,
        0.9276,
        0.9269
    ],
    "acc train": [
        0.47884,
        0.67954,
        0.7581,
        0.79656,
        0.82268,
        0.84096,
        0.85802,
        0.86912,
        0.88078,
        0.89064,
        0.8987,
        0.90438,
        0.91026,
        0.91582,
        0.92324,
        0.92568,
        0.93022,
        0.93482,
        0.93814,
        0.94408,
        0.9451,
        0.94754,
        0.95164,
        0.95256,
        0.95572,
        0.95896,
        0.9638,
        0.9641,
        0.9653,
        0.96798,
        0.96826,
        0.97142,
        0.9732,
        0.97436,
        0.97308,
        0.97434,
        0.97736,
        0.97884,
        0.98086,
        0.97944,
        0.98152,
        0.98084,
        0.98526,
        0.98444,
        0.98418,
        0.98468,
        0.98656,
        0.98694,
        0.98708,
        0.9851,
        0.98656,
        0.98788,
        0.98914,
        0.98986,
        0.9893,
        0.98992,
        0.99072,
        0.99146,
        0.99016,
        0.99128,
        0.99216,
        0.99212,
        0.99114,
        0.99098,
        0.99242,
        0.99334,
        0.99226,
        0.99356,
        0.99332,
        0.99362,
        0.99496,
        0.99442,
        0.99382,
        0.99416,
        0.9948,
        0.99518,
        0.99494,
        0.99418,
        0.9948,
        0.99492,
        0.99508,
        0.99588,
        0.99488,
        0.99626,
        0.99626,
        0.99598,
        0.9959,
        0.99594,
        0.99504,
        0.9963,
        0.99544,
        0.99682,
        0.99622,
        0.99638,
        0.9961,
        0.9961,
        0.99694,
        0.9966,
        0.99658,
        0.99758,
        0.99698,
        0.9962,
        0.9967,
        0.99702,
        0.99714,
        0.99684,
        0.99698,
        0.99664,
        0.99678,
        0.99776,
        0.99686,
        0.99818,
        0.99824,
        0.99758,
        0.99794,
        0.99742,
        0.99694,
        0.99656,
        0.9968,
        0.99618,
        0.99744,
        0.99812,
        0.998,
        0.99884,
        0.99818,
        0.99822,
        0.9981,
        0.99784,
        0.99828,
        0.99836,
        0.99774,
        0.99754,
        0.99714,
        0.99756,
        0.99766,
        0.99796,
        0.99794,
        0.9974,
        0.99818,
        0.99842,
        0.99832,
        0.9988,
        0.99878,
        0.99904,
        0.99846,
        0.99818,
        0.99854,
        0.99842,
        0.99916,
        0.99852
    ],
    "epoch": [
        1,
        2,
        3,
        4,
        5,
        6,
        7,
        8,
        9,
        10,
        11,
        12,
        13,
        14,
        15,
        16,
        17,
        18,
        19,
        20,
        21,
        22,
        23,
        24,
        25,
        26,
        27,
        28,
        29,
        30,
        31,
        32,
        33,
        34,
        35,
        36,
        37,
        38,
        39,
        40,
        41,
        42,
        43,
        44,
        45,
        46,
        47,
        48,
        49,
        50,
        51,
        52,
        53,
        54,
        55,
        56,
        57,
        58,
        59,
        60,
        61,
        62,
        63,
        64,
        65,
        66,
        67,
        68,
        69,
        70,
        71,
        72,
        73,
        74,
        75,
        76,
        77,
        78,
        79,
        80,
        81,
        82,
        83,
        84,
        85,
        86,
        87,
        88,
        89,
        90,
        91,
        92,
        93,
        94,
        95,
        96,
        97,
        98,
        99,
        100,
        101,
        102,
        103,
        104,
        105,
        106,
        107,
        108,
        109,
        110,
        111,
        112,
        113,
        114,
        115,
        116,
        117,
        118,
        119,
        120,
        121,
        122,
        123,
        124,
        125,
        126,
        127,
        128,
        129,
        130,
        131,
        132,
        133,
        134,
        135,
        136,
        137,
        138,
        139,
        140,
        141,
        142,
        143,
        144,
        145,
        146,
        147,
        148,
        149,
        150
    ],