{
    "acc test": [
        0.5557,
        0.7027,
        0.7524,
        0.7976,
        0.8141,
        0.8109,
        0.8377,
        0.8415,
        0.8571,
        0.8583,
        0.845,
        0.8611,
        0.8655,
        0.8746,
        0.8848,
        0.883,
        0.8889,
        0.8782,
        0.8795,
        0.8846,
        0.8925,
        0.8813,
        0.8992,
        0.8909,
        0.9039,
        0.8997,
        0.8996,
        0.8882,
        0.8957,
        0.8809,
        0.9031,
        0.9054,
        0.9054,
        0.8966,
        0.9107,
        0.9068,
        0.8892,
        0.9109,
        0.9036,
        0.904,
        0.9097,
        0.9,
        0.9113,
        0.9107,
        0.9097,
        0.9064,
        0.9144,
        0.9078,
        0.909,
        0.914,
        0.9128,
        0.9153,
        0.9153,
        0.9118,
        0.9151,
        0.9125,
        0.9157,
        0.9135,
        0.9158,
        0.9125,
        0.9176,
        0.9124,
        0.91,
        0.9157,
        0.9198,
        0.9175,
        0.9195,
        0.9197,
        0.9219,
        0.921,
        0.9194,
        0.9206,
        0.9235,
        0.9256,
        0.9187,
        0.919,
        0.9195,
        0.9174,
        0.9241,
        0.92,
        0.9187,
        0.9245,
        0.924,
        0.9213,
        0.924,
        0.9221,
        0.9201,
        0.9214,
        0.9198,
        0.9207,
        0.9192,
        0.9195,
        0.9202,
        0.9231,
        0.926,
        0.9231,
        0.9251,
        0.9151,
        0.9178,
        0.9157,
        0.9222,
        0.9235,
        0.9175,
        0.9253,
        0.9207,
        0.9164,
        0.9207,
        0.9196,
        0.927,
        0.9219,
        0.921,
        0.9242,
        0.9241,
        0.918,
        0.9221,
        0.9263,
        0.9274,
        0.9277,
        0.9208,
        0.9294,
        0.9254,
        0.9271,
        0.9265,
        0.9259,
        0.9214,
        0.9168,
        0.9227,
        0.9251,
        0.9249,
        0.9232,
        0.9258,
        0.9234,
        0.9227,
        0.9242,
        0.9263,
        0.9254,
        0.9266,
        0.9286,
        0.926,
        0.9256,
        0.9228,
        0.9204,
        0.9287,
        0.9244,
        0.9286,
        0.9244,
        0.9281,
        0.9247,
        0.9247,
        0.9294
    ],
    "acc train": [
        0.48138,
        0.67526,
        0.75602,
        0.79484,
        0.82204,
        0.8428,
        0.85994,
        0.87074,
        0.87792,
        0.89328,
        0.89728,
        0.90416,
        0.9095,
        0.91698,
        0.92098,
        0.92678,
        0.9328,
        0.93462,
        0.94016,
        0.94126,
        0.9454,
        0.94782,
        0.9496,
        0.95448,
        0.9571,
        0.96038,
        0.96176,
        0.96158,
        0.96676,
        0.96716,
        0.96856,
        0.9711,
        0.97238,
        0.97366,
        0.97474,
        0.97722,
        0.97698,
        0.97756,
        0.9805,
        0.98034,
        0.97998,
        0.98384,
        0.98138,
        0.98452,
        0.98516,
        0.98534,
        0.98424,
        0.9847,
        0.9862,
        0.9886,
        0.98638,
        0.98844,
        0.98952,
        0.98918,
        0.98858,
        0.99104,
        0.99016,
        0.98954,
        0.99156,
        0.99162,
        0.99212,
        0.99154,
        0.99212,
        0.99198,
        0.99262,
        0.99338,
        0.99446,
        0.99266,
        0.99362,
        0.99308,
        0.9941,
        0.9943,
        0.9943,
        0.99466,
        0.99436,
        0.99514,
        0.99368,
        0.9939,
        0.99524,
        0.99548,
        0.99518,
        0.99594,
        0.99616,
        0.99612,
        0.9953,
        0.99412,
        0.9957,
        0.99614,
        0.99548,
        0.99684,
        0.99612,
        0.99498,
        0.99622,
        0.99662,
        0.9971,
        0.99736,
        0.9972,
        0.99596,
        0.9956,
        0.99542,
        0.99754,
        0.99628,
        0.99638,
        0.99682,
        0.9969,
        0.99712,
        0.99786,
        0.99766,
        0.99734,
        0.99702,
        0.99684,
        0.99768,
        0.99776,
        0.99686,
        0.99722,
        0.99766,
        0.99752,
        0.99792,
        0.9981,
        0.99844,
        0.99808,
        0.99772,
        0.9976,
        0.9983,
        0.99734,
        0.99752,
        0.99832,
        0.99802,
        0.9987,
        0.9976,
        0.9984,
        0.99708,
        0.99712,
        0.99748,
        0.9974,
        0.99854,
        0.9985,
        0.99838,
        0.99824,
        0.99778,
        0.99866,
        0.99788,
        0.99822,
        0.99848,
        0.99794,
        0.9986,
        0.99838,
        0.99842,
        0.99856,
        0.99804
    ],
    "epoch": [
        1,
        2,
        3,
        4,
        5,
        6,
        7,
        8,
        9,
        10,
        11,
        12,
        13,
        14,
        15,
        16,
        17,
        18,
        19,
        20,
        21,
        22,
        23,
        24,
        25,
        26,
        27,
        28,
        29,
        30,
        31,
        32,
        33,
        34,
        35,
        36,
        37,
        38,
        39,
        40,
        41,
        42,
        43,
        44,
        45,
        46,
        47,
        48,
        49,
        50,
        51,
        52,
        53,
        54,
        55,
        56,
        57,
        58,
        59,
        60,
        61,
        62,
        63,
        64,
        65,
        66,
        67,
        68,
        69,
        70,
        71,
        72,
        73,
        74,
        75,
        76,
        77,
        78,
        79,
        80,
        81,
        82,
        83,
        84,
        85,
        86,
        87,
        88,
        89,
        90,
        91,
        92,
        93,
        94,
        95,
        96,
        97,
        98,
        99,
        100,
        101,
        102,
        103,
        104,
        105,
        106,
        107,
        108,
        109,
        110,
        111,
        112,
        113,
        114,
        115,
        116,
        117,
        118,
        119,
        120,
        121,
        122,
        123,
        124,
        125,
        126,
        127,
        128,
        129,
        130,
        131,
        132,
        133,
        134,
        135,
        136,
        137,
        138,
        139,
        140,
        141,
        142,
        143,
        144,
        145,
        146,
        147,
        148,
        149,
        150
    ],