{
    "acc test": [
        0.5605,
        0.6877,
        0.7545,
        0.8024,
        0.8194,
        0.8285,
        0.8365,
        0.8292,
        0.8525,
        0.8383,
        0.8494,
        0.8535,
        0.851,
        0.8689,
        0.8761,
        0.8819,
        0.8736,
        0.8919,
        0.8815,
        0.883,
        0.8798,
        0.8942,
        0.8943,
        0.8973,
        0.8955,
        0.8918,
        0.8977,
        0.8969,
        0.9009,
        0.9004,
        0.9014,
        0.8993,
        0.8995,
        0.8933,
        0.8972,
        0.9006,
        0.9045,
        0.9072,
        0.9083,
        0.9097,
        0.9084,
        0.9053,
        0.9144,
        0.9104,
        0.9134,
        0.9113,
        0.9104,
        0.9125,
        0.9127,
        0.9082,
        0.9104,
        0.9073,
        0.9103,
        0.9145,
        0.9135,
        0.9146,
        0.9164,
        0.9126,
        0.9101,
        0.9164,
        0.9175,
        0.9175,
        0.908,
        0.9101,
        0.9158,
        0.9198,
        0.9172,
        0.919,
        0.9112,
        0.9193,
        0.919,
        0.921,
        0.918,
        0.922,
        0.9205,
        0.9221,
        0.9187,
        0.9188,
        0.923,
        0.9223,
        0.9187,
        0.9225,
        0.9169,
        0.9189,
        0.9227,
        0.9189,
        0.9188,
        0.9206,
        0.9256,
        0.9246,
        0.923,
        0.9222,
        0.9178,
        0.9243,
        0.9265,
        0.9204,
        0.9236,
        0.9266,
        0.9262,
        0.9238,
        0.9188,
        0.9258,
        0.9211,
        0.9247,
        0.9223,
        0.9203,
        0.9222,
        0.9222,
        0.9207,
        0.9263,
        0.9241,
        0.9201,
        0.9233,
        0.9262,
        0.9258,
        0.9215,
        0.9256,
        0.9237,
        0.9237,
        0.9236,
        0.9216,
        0.9243,
        0.9198,
        0.9225,
        0.9262,
        0.9249,
        0.9232,
        0.9204,
        0.9252,
        0.9288,
        0.9242,
        0.9274,
        0.9262,
        0.9279,
        0.9301,
        0.9297,
        0.925,
        0.931,
        0.9261,
        0.93,
        0.9312,
        0.9292,
        0.9275,
        0.9227,
        0.9254,
        0.9221,
        0.9257,
        0.928,
        0.9268,
        0.9284
    ],
    "acc train": [
        0.48682,
        0.68724,
        0.76052,
        0.7986,
        0.82254,
        0.84166,
        0.8575,
        0.86868,
        0.88106,
        0.88796,
        0.8978,
        0.90488,
        0.91262,
        0.91616,
        0.92242,
        0.92768,
        0.9312,
        0.93454,
        0.9394,
        0.94084,
        0.9462,
        0.94826,
        0.9504,
        0.95482,
        0.9572,
        0.96066,
        0.963,
        0.96348,
        0.9655,
        0.96662,
        0.9695,
        0.97144,
        0.97154,
        0.972,
        0.9759,
        0.9756,
        0.9778,
        0.97788,
        0.97914,
        0.9813,
        0.98236,
        0.98102,
        0.98224,
        0.98396,
        0.98432,
        0.9839,
        0.98586,
        0.9869,
        0.98654,
        0.9868,
        0.98786,
        0.98852,
        0.98842,
        0.98892,
        0.98982,
        0.98918,
        0.99032,
        0.9912,
        0.99132,
        0.99068,
        0.99192,
        0.99264,
        0.99228,
        0.99084,
        0.99238,
        0.99166,
        0.99178,
        0.99314,
        0.9932,
        0.99448,
        0.9932,
        0.99328,
        0.9939,
        0.9943,
        0.99392,
        0.99452,
        0.99494,
        0.99358,
        0.99454,
        0.99464,
        0.99442,
        0.99488,
        0.99612,
        0.9969,
        0.99574,
        0.9967,
        0.99562,
        0.9952,
        0.9953,
        0.99668,
        0.99644,
        0.99628,
        0.99608,
        0.99636,
        0.99596,
        0.99682,
        0.99706,
        0.99686,
        0.99684,
        0.9964,
        0.9966,
        0.99708,
        0.9963,
        0.99712,
        0.99744,
        0.99752,
        0.99682,
        0.99692,
        0.99656,
        0.99752,
        0.99792,
        0.99794,
        0.99778,
        0.99694,
        0.99766,
        0.99728,
        0.9965,
        0.99714,
        0.99714,
        0.99718,
        0.9974,
        0.99774,
        0.99724,
        0.99698,
        0.99796,
        0.99746,
        0.99728,
        0.99748,
        0.99826,
        0.99842,
        0.999,
        0.99844,
        0.9984,
        0.99876,
        0.99826,
        0.9987,
        0.9985,
        0.99848,
        0.99822,
        0.9988,
        0.99906,
        0.99886,
        0.99898,
        0.99842,
        0.99818,
        0.99818,
        0.99788,
        0.99824,
        0.99854,
        0.9984
    ],
    "epoch": [
        1,
        2,
        3,
        4,
        5,
        6,
        7,
        8,
        9,
        10,
        11,
        12,
        13,
        14,
        15,
        16,
        17,
        18,
        19,
        20,
        21,
        22,
        23,
        24,
        25,
        26,
        27,
        28,
        29,
        30,
        31,
        32,
        33,
        34,
        35,
        36,
        37,
        38,
        39,
        40,
        41,
        42,
        43,
        44,
        45,
        46,
        47,
        48,
        49,
        50,
        51,
        52,
        53,
        54,
        55,
        56,
        57,
        58,
        59,
        60,
        61,
        62,
        63,
        64,
        65,
        66,
        67,
        68,
        69,
        70,
        71,
        72,
        73,
        74,
        75,
        76,
        77,
        78,
        79,
        80,
        81,
        82,
        83,
        84,
        85,
        86,
        87,
        88,
        89,
        90,
        91,
        92,
        93,
        94,
        95,
        96,
        97,
        98,
        99,
        100,
        101,
        102,
        103,
        104,
        105,
        106,
        107,
        108,
        109,
        110,
        111,
        112,
        113,
        114,
        115,
        116,
        117,
        118,
        119,
        120,
        121,
        122,
        123,
        124,
        125,
        126,
        127,
        128,
        129,
        130,
        131,
        132,
        133,
        134,
        135,
        136,
        137,
        138,
        139,
        140,
        141,
        142,
        143,
        144,
        145,
        146,
        147,
        148,
        149,
        150
    ],