{
    "acc test": [
        0.4868,
        0.6662,
        0.7669,
        0.803,
        0.8149,
        0.8263,
        0.8157,
        0.8382,
        0.8536,
        0.8368,
        0.8548,
        0.8671,
        0.8675,
        0.8633,
        0.8699,
        0.8773,
        0.8836,
        0.8843,
        0.8913,
        0.8856,
        0.8939,
        0.8835,
        0.8997,
        0.8949,
        0.8958,
        0.8951,
        0.8844,
        0.8965,
        0.9065,
        0.9004,
        0.9005,
        0.9051,
        0.8995,
        0.9048,
        0.9105,
        0.9115,
        0.9005,
        0.915,
        0.8967,
        0.9149,
        0.8987,
        0.9095,
        0.9061,
        0.9107,
        0.9122,
        0.9136,
        0.9091,
        0.9107,
        0.9135,
        0.9111,
        0.9176,
        0.9128,
        0.901,
        0.9149,
        0.917,
        0.9126,
        0.9153,
        0.9174,
        0.9221,
        0.9207,
        0.9196,
        0.9162,
        0.9178,
        0.9137,
        0.9149,
        0.9172,
        0.9189,
        0.9184,
        0.9196,
        0.9176,
        0.9184,
        0.9167,
        0.9166,
        0.9207,
        0.9171,
        0.917,
        0.9192,
        0.9134,
        0.914,
        0.9178,
        0.9223,
        0.9119,
        0.9207,
        0.9144,
        0.9227,
        0.9233,
        0.9253,
        0.9209,
        0.9202,
        0.9223,
        0.9245,
        0.9183,
        0.9195,
        0.9241,
        0.9184,
        0.919,
        0.9213,
        0.924,
        0.9239,
        0.9219,
        0.9188,
        0.924,
        0.9224,
        0.9227,
        0.9227,
        0.9232,
        0.9222,
        0.9255,
        0.9239,
        0.9242,
        0.9239,
        0.9262,
        0.9233,
        0.9271,
        0.9241,
        0.9237,
        0.9245,
        0.9234,
        0.9248,
        0.9262,
        0.9235,
        0.9263,
        0.9242,
        0.9255,
        0.9225,
        0.9259,
        0.9253,
        0.9274,
        0.9299,
        0.9246,
        0.9219,
        0.9238,
        0.9225,
        0.9263,
        0.9226,
        0.9202,
        0.9238,
        0.9282,
        0.928,
        0.9275,
        0.9202,
        0.9246,
        0.9243,
        0.928,
        0.9297,
        0.9268,
        0.9302,
        0.9285,
        0.9273,
        0.9245
    ],
    "acc train": [
        0.48884,
        0.68836,
        0.7599,
        0.79806,
        0.824,
        0.84336,
        0.86154,
        0.87094,
        0.88098,
        0.88942,
        0.89762,
        0.90446,
        0.9123,
        0.91638,
        0.92258,
        0.92848,
        0.93016,
        0.93524,
        0.93834,
        0.94436,
        0.94676,
        0.95006,
        0.95222,
        0.95502,
        0.95636,
        0.95738,
        0.96038,
        0.96374,
        0.9644,
        0.96646,
        0.96844,
        0.9703,
        0.97306,
        0.974,
        0.97622,
        0.97624,
        0.97724,
        0.97878,
        0.98108,
        0.98038,
        0.98222,
        0.98226,
        0.98356,
        0.9831,
        0.98398,
        0.98506,
        0.98362,
        0.98476,
        0.98652,
        0.98694,
        0.9878,
        0.98906,
        0.98886,
        0.98858,
        0.98908,
        0.98988,
        0.99004,
        0.9897,
        0.99072,
        0.99088,
        0.99264,
        0.99072,
        0.99236,
        0.9923,
        0.99104,
        0.99162,
        0.99366,
        0.99406,
        0.99486,
        0.99378,
        0.99478,
        0.99454,
        0.9945,
        0.99432,
        0.99454,
        0.99514,
        0.9952,
        0.994,
        0.99314,
        0.99538,
        0.9956,
        0.99464,
        0.99436,
        0.99618,
        0.99532,
        0.99564,
        0.99672,
        0.99618,
        0.99616,
        0.99672,
        0.9964,
        0.99576,
        0.99576,
        0.99628,
        0.99578,
        0.99652,
        0.99678,
        0.9966,
        0.99662,
        0.99684,
        0.99652,
        0.99714,
        0.99654,
        0.99686,
        0.99786,
        0.99662,
        0.9974,
        0.9971,
        0.99662,
        0.99666,
        0.9973,
        0.9976,
        0.99762,
        0.99776,
        0.99834,
        0.99808,
        0.99778,
        0.99666,
        0.99712,
        0.9976,
        0.99792,
        0.99792,
        0.9977,
        0.99768,
        0.9979,
        0.99854,
        0.99852,
        0.99828,
        0.99822,
        0.99862,
        0.99804,
        0.99848,
        0.99842,
        0.99882,
        0.99774,
        0.99788,
        0.99762,
        0.99792,
        0.99908,
        0.99864,
        0.99754,
        0.99806,
        0.99812,
        0.99826,
        0.99854,
        0.99858,
        0.99852,
        0.99924,
        0.99894,
        0.99832
    ],
    "epoch": [
        1,
        2,
        3,
        4,
        5,
        6,
        7,
        8,
        9,
        10,
        11,
        12,
        13,
        14,
        15,
        16,
        17,
        18,
        19,
        20,
        21,
        22,
        23,
        24,
        25,
        26,
        27,
        28,
        29,
        30,
        31,
        32,
        33,
        34,
        35,
        36,
        37,
        38,
        39,
        40,
        41,
        42,
        43,
        44,
        45,
        46,
        47,
        48,
        49,
        50,
        51,
        52,
        53,
        54,
        55,
        56,
        57,
        58,
        59,
        60,
        61,
        62,
        63,
        64,
        65,
        66,
        67,
        68,
        69,
        70,
        71,
        72,
        73,
        74,
        75,
        76,
        77,
        78,
        79,
        80,
        81,
        82,
        83,
        84,
        85,
        86,
        87,
        88,
        89,
        90,
        91,
        92,
        93,
        94,
        95,
        96,
        97,
        98,
        99,
        100,
        101,
        102,
        103,
        104,
        105,
        106,
        107,
        108,
        109,
        110,
        111,
        112,
        113,
        114,
        115,
        116,
        117,
        118,
        119,
        120,
        121,
        122,
        123,
        124,
        125,
        126,
        127,
        128,
        129,
        130,
        131,
        132,
        133,
        134,
        135,
        136,
        137,
        138,
        139,
        140,
        141,
        142,
        143,
        144,
        145,
        146,
        147,
        148,
        149,
        150
    ],