{
    "acc test": [
        0.5983,
        0.7045,
        0.7685,
        0.7828,
        0.8175,
        0.8164,
        0.8387,
        0.838,
        0.819,
        0.8515,
        0.8557,
        0.8642,
        0.8699,
        0.871,
        0.8686,
        0.8818,
        0.8837,
        0.8693,
        0.8945,
        0.8903,
        0.8927,
        0.895,
        0.8871,
        0.8901,
        0.8857,
        0.8941,
        0.8984,
        0.8826,
        0.9002,
        0.8943,
        0.9004,
        0.8963,
        0.9024,
        0.9057,
        0.9025,
        0.9116,
        0.911,
        0.9026,
        0.9099,
        0.9058,
        0.9137,
        0.906,
        0.9137,
        0.9091,
        0.9057,
        0.9116,
        0.9029,
        0.9121,
        0.9139,
        0.9135,
        0.9138,
        0.9144,
        0.9135,
        0.9114,
        0.9143,
        0.9191,
        0.9177,
        0.919,
        0.9176,
        0.9155,
        0.9188,
        0.9149,
        0.9196,
        0.9183,
        0.9117,
        0.9129,
        0.9205,
        0.9184,
        0.9194,
        0.9184,
        0.9185,
        0.9168,
        0.9212,
        0.9196,
        0.9222,
        0.9208,
        0.9238,
        0.9183,
        0.9177,
        0.9219,
        0.9199,
        0.922,
        0.9237,
        0.9175,
        0.9239,
        0.9208,
        0.9232,
        0.9243,
        0.9232,
        0.9142,
        0.9207,
        0.9243,
        0.9184,
        0.9195,
        0.9237,
        0.9198,
        0.9252,
        0.9244,
        0.9222,
        0.9234,
        0.9254,
        0.9222,
        0.926,
        0.9255,
        0.9222,
        0.922,
        0.9242,
        0.9229,
        0.9242,
        0.9272,
        0.9279,
        0.9224,
        0.9248,
        0.9253,
        0.9273,
        0.9223,
        0.9262,
        0.9264,
        0.9242,
        0.9212,
        0.9239,
        0.9242,
        0.926,
        0.9242,
        0.9278,
        0.9253,
        0.9244,
        0.9248,
        0.9223,
        0.9263,
        0.9241,
        0.9252,
        0.9242,
        0.925,
        0.9288,
        0.9265,
        0.9287,
        0.9248,
        0.9227,
        0.9283,
        0.9269,
        0.9298,
        0.9307,
        0.9254,
        0.9263,
        0.9287,
        0.9292,
        0.9238,
        0.9312,
        0.926
    ],
    "acc train": [
        0.49044,
        0.67746,
        0.75424,
        0.79592,
        0.8206,
        0.84216,
        0.85534,
        0.86748,
        0.87626,
        0.88776,
        0.89676,
        0.9045,
        0.9085,
        0.91714,
        0.92226,
        0.9251,
        0.931,
        0.93634,
        0.9383,
        0.94334,
        0.94566,
        0.94856,
        0.95248,
        0.9527,
        0.95652,
        0.95718,
        0.96204,
        0.96274,
        0.96338,
        0.96742,
        0.9686,
        0.97052,
        0.97294,
        0.97436,
        0.97602,
        0.97308,
        0.97702,
        0.97794,
        0.9794,
        0.98058,
        0.98106,
        0.98092,
        0.98348,
        0.98476,
        0.98538,
        0.9858,
        0.9853,
        0.9862,
        0.98714,
        0.98776,
        0.98696,
        0.98838,
        0.98774,
        0.98858,
        0.99004,
        0.98986,
        0.98918,
        0.99118,
        0.9922,
        0.99118,
        0.98936,
        0.99236,
        0.9914,
        0.99106,
        0.99366,
        0.99376,
        0.99252,
        0.9932,
        0.99368,
        0.99366,
        0.99292,
        0.99442,
        0.9935,
        0.99518,
        0.99524,
        0.99494,
        0.99426,
        0.99456,
        0.99454,
        0.99498,
        0.99458,
        0.99508,
        0.99604,
        0.99598,
        0.99602,
        0.99654,
        0.99678,
        0.99534,
        0.99534,
        0.99394,
        0.99562,
        0.99676,
        0.99578,
        0.99622,
        0.99744,
        0.99682,
        0.997,
        0.99758,
        0.99698,
        0.99698,
        0.9963,
        0.99804,
        0.99728,
        0.99692,
        0.99642,
        0.99682,
        0.99626,
        0.99636,
        0.99622,
        0.99716,
        0.9973,
        0.99672,
        0.99734,
        0.99656,
        0.99736,
        0.9975,
        0.99816,
        0.99832,
        0.99756,
        0.99706,
        0.99774,
        0.99824,
        0.99792,
        0.99808,
        0.99844,
        0.99854,
        0.9983,
        0.99812,
        0.99786,
        0.99794,
        0.9975,
        0.99824,
        0.99802,
        0.9981,
        0.99844,
        0.9984,
        0.9986,
        0.99784,
        0.99756,
        0.99826,
        0.99842,
        0.99846,
        0.99896,
        0.99862,
        0.99812,
        0.99838,
        0.99814,
        0.99864,
        0.99852,
        0.99892
    ],
    "epoch": [
        1,
        2,
        3,
        4,
        5,
        6,
        7,
        8,
        9,
        10,
        11,
        12,
        13,
        14,
        15,
        16,
        17,
        18,
        19,
        20,
        21,
        22,
        23,
        24,
        25,
        26,
        27,
        28,
        29,
        30,
        31,
        32,
        33,
        34,
        35,
        36,
        37,
        38,
        39,
        40,
        41,
        42,
        43,
        44,
        45,
        46,
        47,
        48,
        49,
        50,
        51,
        52,
        53,
        54,
        55,
        56,
        57,
        58,
        59,
        60,
        61,
        62,
        63,
        64,
        65,
        66,
        67,
        68,
        69,
        70,
        71,
        72,
        73,
        74,
        75,
        76,
        77,
        78,
        79,
        80,
        81,
        82,
        83,
        84,
        85,
        86,
        87,
        88,
        89,
        90,
        91,
        92,
        93,
        94,
        95,
        96,
        97,
        98,
        99,
        100,
        101,
        102,
        103,
        104,
        105,
        106,
        107,
        108,
        109,
        110,
        111,
        112,
        113,
        114,
        115,
        116,
        117,
        118,
        119,
        120,
        121,
        122,
        123,
        124,
        125,
        126,
        127,
        128,
        129,
        130,
        131,
        132,
        133,
        134,
        135,
        136,
        137,
        138,
        139,
        140,
        141,
        142,
        143,
        144,
        145,
        146,
        147,
        148,
        149,
        150
    ],