{
    "acc test": [
        0.53,
        0.702,
        0.7618,
        0.7963,
        0.7896,
        0.8215,
        0.8284,
        0.8406,
        0.8339,
        0.843,
        0.8561,
        0.8768,
        0.8622,
        0.88,
        0.8824,
        0.8839,
        0.8791,
        0.8953,
        0.8919,
        0.8817,
        0.8884,
        0.8839,
        0.8984,
        0.8977,
        0.8973,
        0.9003,
        0.8953,
        0.8989,
        0.9053,
        0.9065,
        0.9084,
        0.8968,
        0.894,
        0.9088,
        0.8957,
        0.9033,
        0.9046,
        0.9101,
        0.9043,
        0.9089,
        0.9063,
        0.9093,
        0.9164,
        0.9142,
        0.9146,
        0.9016,
        0.9124,
        0.908,
        0.9124,
        0.9121,
        0.9145,
        0.9179,
        0.9135,
        0.9192,
        0.9147,
        0.9156,
        0.9169,
        0.9164,
        0.9149,
        0.9144,
        0.9182,
        0.9194,
        0.9185,
        0.9157,
        0.9148,
        0.9147,
        0.9195,
        0.9203,
        0.9146,
        0.9213,
        0.9193,
        0.9219,
        0.9213,
        0.9158,
        0.9213,
        0.923,
        0.9141,
        0.9207,
        0.9158,
        0.9213,
        0.9228,
        0.9245,
        0.9236,
        0.9215,
        0.9203,
        0.9229,
        0.9204,
        0.9202,
        0.9204,
        0.9139,
        0.9246,
        0.9191,
        0.9208,
        0.9122,
        0.9234,
        0.9244,
        0.9224,
        0.9224,
        0.9194,
        0.9239,
        0.9236,
        0.9237,
        0.9238,
        0.9242,
        0.9194,
        0.9227,
        0.9266,
        0.9204,
        0.9255,
        0.9255,
        0.9273,
        0.9236,
        0.9253,
        0.9254,
        0.9271,
        0.9219,
        0.9197,
        0.9238,
        0.9222,
        0.9234,
        0.9273,
        0.9246,
        0.9226,
        0.9213,
        0.9249,
        0.9226,
        0.9267,
        0.9258,
        0.9264,
        0.9294,
        0.928,
        0.9245,
        0.9268,
        0.9275,
        0.9251,
        0.9276,
        0.9296,
        0.9283,
        0.9278,
        0.9295,
        0.9282,
        0.9237,
        0.9282,
        0.9268,
        0.924,
        0.9235,
        0.9263,
        0.9274,
        0.9252,
        0.9266
    ],
    "acc train": [
        0.47654,
        0.68174,
        0.76018,
        0.79596,
        0.82446,
        0.8439,
        0.86014,
        0.87134,
        0.8809,
        0.8906,
        0.89976,
        0.90944,
        0.91154,
        0.91634,
        0.92248,
        0.92832,
        0.92994,
        0.93718,
        0.93748,
        0.94376,
        0.94742,
        0.95014,
        0.95276,
        0.955,
        0.9591,
        0.9608,
        0.96252,
        0.96386,
        0.96732,
        0.96812,
        0.96966,
        0.97042,
        0.97402,
        0.97386,
        0.97514,
        0.97606,
        0.97734,
        0.9785,
        0.97976,
        0.98134,
        0.98228,
        0.98296,
        0.9835,
        0.98338,
        0.98658,
        0.9851,
        0.98546,
        0.98522,
        0.9865,
        0.98834,
        0.9879,
        0.98934,
        0.98816,
        0.98938,
        0.98896,
        0.98916,
        0.99116,
        0.99024,
        0.99188,
        0.9908,
        0.99176,
        0.99186,
        0.99066,
        0.99246,
        0.9925,
        0.9915,
        0.99198,
        0.99298,
        0.994,
        0.99306,
        0.9942,
        0.99442,
        0.9943,
        0.99522,
        0.99532,
        0.99542,
        0.9945,
        0.99452,
        0.99452,
        0.99364,
        0.99434,
        0.9943,
        0.99524,
        0.99534,
        0.99514,
        0.99626,
        0.99666,
        0.99666,
        0.9967,
        0.9966,
        0.99616,
        0.9951,
        0.99548,
        0.99562,
        0.99666,
        0.9962,
        0.99666,
        0.99708,
        0.99662,
        0.99638,
        0.99642,
        0.99704,
        0.99704,
        0.99696,
        0.99734,
        0.99722,
        0.99794,
        0.99776,
        0.99712,
        0.9973,
        0.99818,
        0.99772,
        0.9971,
        0.99718,
        0.99804,
        0.998,
        0.99794,
        0.99776,
        0.99724,
        0.99814,
        0.99808,
        0.99784,
        0.9971,
        0.99738,
        0.99668,
        0.99726,
        0.99828,
        0.99882,
        0.99784,
        0.99878,
        0.999,
        0.99862,
        0.99856,
        0.99886,
        0.998,
        0.9987,
        0.999,
        0.99892,
        0.99902,
        0.99892,
        0.99872,
        0.99838,
        0.999,
        0.99902,
        0.9986,
        0.99872,
        0.99812,
        0.99816,
        0.99856,
        0.999
    ],
    "epoch": [
        1,
        2,
        3,
        4,
        5,
        6,
        7,
        8,
        9,
        10,
        11,
        12,
        13,
        14,
        15,
        16,
        17,
        18,
        19,
        20,
        21,
        22,
        23,
        24,
        25,
        26,
        27,
        28,
        29,
        30,
        31,
        32,
        33,
        34,
        35,
        36,
        37,
        38,
        39,
        40,
        41,
        42,
        43,
        44,
        45,
        46,
        47,
        48,
        49,
        50,
        51,
        52,
        53,
        54,
        55,
        56,
        57,
        58,
        59,
        60,
        61,
        62,
        63,
        64,
        65,
        66,
        67,
        68,
        69,
        70,
        71,
        72,
        73,
        74,
        75,
        76,
        77,
        78,
        79,
        80,
        81,
        82,
        83,
        84,
        85,
        86,
        87,
        88,
        89,
        90,
        91,
        92,
        93,
        94,
        95,
        96,
        97,
        98,
        99,
        100,
        101,
        102,
        103,
        104,
        105,
        106,
        107,
        108,
        109,
        110,
        111,
        112,
        113,
        114,
        115,
        116,
        117,
        118,
        119,
        120,
        121,
        122,
        123,
        124,
        125,
        126,
        127,
        128,
        129,
        130,
        131,
        132,
        133,
        134,
        135,
        136,
        137,
        138,
        139,
        140,
        141,
        142,
        143,
        144,
        145,
        146,
        147,
        148,
        149,
        150
    ],