{
    "acc test": [
        0.5345,
        0.7318,
        0.7626,
        0.7957,
        0.8251,
        0.8342,
        0.8417,
        0.8032,
        0.8458,
        0.8489,
        0.8411,
        0.882,
        0.8589,
        0.8673,
        0.8644,
        0.8734,
        0.8874,
        0.8876,
        0.892,
        0.8726,
        0.8638,
        0.9029,
        0.8964,
        0.8926,
        0.8843,
        0.8994,
        0.8966,
        0.89,
        0.8992,
        0.9004,
        0.892,
        0.899,
        0.8946,
        0.9076,
        0.8983,
        0.905,
        0.9058,
        0.9043,
        0.8962,
        0.9075,
        0.9046,
        0.8983,
        0.9077,
        0.9121,
        0.9102,
        0.9179,
        0.9133,
        0.9166,
        0.9133,
        0.9123,
        0.9138,
        0.9104,
        0.9155,
        0.9154,
        0.9192,
        0.9162,
        0.9194,
        0.9126,
        0.9154,
        0.914,
        0.9078,
        0.9159,
        0.916,
        0.914,
        0.92,
        0.9195,
        0.918,
        0.9176,
        0.9191,
        0.9123,
        0.9124,
        0.9115,
        0.9208,
        0.9168,
        0.9204,
        0.9207,
        0.9231,
        0.9191,
        0.9213,
        0.9189,
        0.9187,
        0.9202,
        0.9196,
        0.9228,
        0.921,
        0.9212,
        0.9206,
        0.9206,
        0.9204,
        0.9193,
        0.9211,
        0.9192,
        0.9179,
        0.9218,
        0.9217,
        0.9193,
        0.9189,
        0.9191,
        0.9218,
        0.9194,
        0.9206,
        0.9239,
        0.9246,
        0.9248,
        0.926,
        0.9243,
        0.9266,
        0.9228,
        0.9173,
        0.919,
        0.9222,
        0.9237,
        0.9211,
        0.9259,
        0.923,
        0.9222,
        0.9145,
        0.9206,
        0.9238,
        0.9243,
        0.92,
        0.9267,
        0.9245,
        0.9249,
        0.9293,
        0.925,
        0.9261,
        0.9258,
        0.9245,
        0.9279,
        0.9231,
        0.9238,
        0.9266,
        0.919,
        0.9257,
        0.9269,
        0.9262,
        0.9237,
        0.9284,
        0.9222,
        0.9276,
        0.9276,
        0.9266,
        0.9263,
        0.9245,
        0.9263,
        0.9275,
        0.9294,
        0.9292,
        0.9278
    ],
    "acc train": [
        0.48112,
        0.68234,
        0.7601,
        0.80054,
        0.82506,
        0.84696,
        0.85776,
        0.8708,
        0.88184,
        0.89048,
        0.89802,
        0.90556,
        0.91134,
        0.91604,
        0.92028,
        0.92662,
        0.92948,
        0.93604,
        0.93888,
        0.94282,
        0.94764,
        0.94918,
        0.95234,
        0.95418,
        0.956,
        0.95974,
        0.9616,
        0.96488,
        0.96484,
        0.96776,
        0.96804,
        0.97172,
        0.9706,
        0.97292,
        0.9743,
        0.97722,
        0.97698,
        0.97954,
        0.97938,
        0.98022,
        0.98118,
        0.9811,
        0.98338,
        0.98396,
        0.98464,
        0.98496,
        0.9856,
        0.98676,
        0.9865,
        0.98818,
        0.98866,
        0.98758,
        0.98762,
        0.98844,
        0.98958,
        0.98876,
        0.98976,
        0.99142,
        0.98994,
        0.9916,
        0.99048,
        0.99242,
        0.99328,
        0.9907,
        0.99254,
        0.99254,
        0.99082,
        0.99232,
        0.9932,
        0.99382,
        0.99346,
        0.9939,
        0.99542,
        0.99446,
        0.99564,
        0.9947,
        0.99534,
        0.99512,
        0.99474,
        0.9949,
        0.99444,
        0.99386,
        0.99498,
        0.99538,
        0.99606,
        0.99564,
        0.99656,
        0.99588,
        0.99602,
        0.9963,
        0.99648,
        0.99608,
        0.9966,
        0.9969,
        0.99678,
        0.99684,
        0.9951,
        0.99674,
        0.99624,
        0.99688,
        0.99746,
        0.99818,
        0.99668,
        0.9967,
        0.99656,
        0.99674,
        0.99746,
        0.99744,
        0.997,
        0.9968,
        0.9976,
        0.9982,
        0.99804,
        0.99796,
        0.99766,
        0.99722,
        0.99716,
        0.99632,
        0.99782,
        0.99714,
        0.99774,
        0.99742,
        0.9972,
        0.99812,
        0.9981,
        0.9981,
        0.99802,
        0.99828,
        0.99792,
        0.99784,
        0.99764,
        0.99798,
        0.99816,
        0.99764,
        0.99788,
        0.9983,
        0.99772,
        0.9978,
        0.99778,
        0.99772,
        0.99834,
        0.99906,
        0.99894,
        0.99852,
        0.99812,
        0.99794,
        0.99854,
        0.99846,
        0.99886,
        0.99842
    ],
    "epoch": [
        1,
        2,
        3,
        4,
        5,
        6,
        7,
        8,
        9,
        10,
        11,
        12,
        13,
        14,
        15,
        16,
        17,
        18,
        19,
        20,
        21,
        22,
        23,
        24,
        25,
        26,
        27,
        28,
        29,
        30,
        31,
        32,
        33,
        34,
        35,
        36,
        37,
        38,
        39,
        40,
        41,
        42,
        43,
        44,
        45,
        46,
        47,
        48,
        49,
        50,
        51,
        52,
        53,
        54,
        55,
        56,
        57,
        58,
        59,
        60,
        61,
        62,
        63,
        64,
        65,
        66,
        67,
        68,
        69,
        70,
        71,
        72,
        73,
        74,
        75,
        76,
        77,
        78,
        79,
        80,
        81,
        82,
        83,
        84,
        85,
        86,
        87,
        88,
        89,
        90,
        91,
        92,
        93,
        94,
        95,
        96,
        97,
        98,
        99,
        100,
        101,
        102,
        103,
        104,
        105,
        106,
        107,
        108,
        109,
        110,
        111,
        112,
        113,
        114,
        115,
        116,
        117,
        118,
        119,
        120,
        121,
        122,
        123,
        124,
        125,
        126,
        127,
        128,
        129,
        130,
        131,
        132,
        133,
        134,
        135,
        136,
        137,
        138,
        139,
        140,
        141,
        142,
        143,
        144,
        145,
        146,
        147,
        148,
        149,
        150
    ],