{
    "acc test": [
        0.5675,
        0.6748,
        0.7089,
        0.7802,
        0.779,
        0.7875,
        0.7961,
        0.8199,
        0.8561,
        0.8705,
        0.8556,
        0.8649,
        0.8624,
        0.8514,
        0.8887,
        0.8857,
        0.8764,
        0.8777,
        0.8964,
        0.8797,
        0.8879,
        0.8958,
        0.8911,
        0.8948,
        0.8957,
        0.8953,
        0.8942,
        0.8883,
        0.9001,
        0.8893,
        0.8695,
        0.9041,
        0.8916,
        0.899,
        0.8946,
        0.9084,
        0.9087,
        0.9056,
        0.9015,
        0.9063,
        0.8976,
        0.9097,
        0.8999,
        0.9058,
        0.9148,
        0.9053,
        0.9125,
        0.9171,
        0.9108,
        0.9126,
        0.9019,
        0.9152,
        0.9165,
        0.9144,
        0.9095,
        0.9132,
        0.913,
        0.9159,
        0.9094,
        0.9148,
        0.9162,
        0.9108,
        0.9179,
        0.9157,
        0.9201,
        0.9168,
        0.9234,
        0.9213,
        0.9163,
        0.9209,
        0.919,
        0.9192,
        0.9214,
        0.9173,
        0.9185,
        0.9193,
        0.9202,
        0.9189,
        0.9168,
        0.9159,
        0.9206,
        0.9185,
        0.9193,
        0.9204,
        0.9213,
        0.9237,
        0.9207,
        0.9218,
        0.9204,
        0.9244,
        0.9234,
        0.9211,
        0.9175,
        0.9218,
        0.9151,
        0.9239,
        0.9247,
        0.9207,
        0.925,
        0.9226,
        0.9198,
        0.9223,
        0.9226,
        0.9208,
        0.9227,
        0.92,
        0.9252,
        0.926,
        0.9218,
        0.9263,
        0.9258,
        0.9254,
        0.9252,
        0.9256,
        0.9268,
        0.9286,
        0.9223,
        0.9224,
        0.9291,
        0.9265,
        0.9246,
        0.9266,
        0.9249,
        0.9262,
        0.9239,
        0.9259,
        0.9279,
        0.9285,
        0.9275,
        0.9272,
        0.9279,
        0.9275,
        0.9266,
        0.9253,
        0.9287,
        0.9239,
        0.9266,
        0.9276,
        0.9279,
        0.9299,
        0.9281,
        0.924,
        0.9303,
        0.9255,
        0.931,
        0.9288,
        0.9295,
        0.9279,
        0.9235,
        0.9272
    ],
    "acc train": [
        0.48308,
        0.66966,
        0.74892,
        0.7919,
        0.81838,
        0.83972,
        0.85456,
        0.86826,
        0.87962,
        0.88956,
        0.89942,
        0.90394,
        0.90708,
        0.91516,
        0.92204,
        0.9265,
        0.9315,
        0.93528,
        0.9407,
        0.94292,
        0.94368,
        0.94732,
        0.95124,
        0.95442,
        0.95746,
        0.95868,
        0.96086,
        0.96392,
        0.96488,
        0.96576,
        0.96916,
        0.96926,
        0.97132,
        0.97358,
        0.97234,
        0.97496,
        0.9763,
        0.97728,
        0.97742,
        0.9811,
        0.98078,
        0.97998,
        0.98276,
        0.98178,
        0.98368,
        0.98342,
        0.98504,
        0.98744,
        0.98814,
        0.98786,
        0.98788,
        0.98948,
        0.98974,
        0.9895,
        0.98922,
        0.99014,
        0.98848,
        0.98914,
        0.99182,
        0.99154,
        0.9932,
        0.9916,
        0.9911,
        0.99218,
        0.99192,
        0.99342,
        0.99382,
        0.9933,
        0.99346,
        0.99304,
        0.99422,
        0.99412,
        0.99362,
        0.99366,
        0.99438,
        0.99488,
        0.99522,
        0.99348,
        0.99468,
        0.99378,
        0.99454,
        0.99542,
        0.99546,
        0.99602,
        0.99562,
        0.99592,
        0.99604,
        0.9954,
        0.99638,
        0.99648,
        0.99584,
        0.9963,
        0.99686,
        0.9971,
        0.99642,
        0.99612,
        0.99608,
        0.9966,
        0.99644,
        0.99624,
        0.99708,
        0.99584,
        0.99664,
        0.9976,
        0.99814,
        0.99636,
        0.99684,
        0.99784,
        0.99734,
        0.99694,
        0.9982,
        0.99746,
        0.99782,
        0.9972,
        0.99724,
        0.99786,
        0.99756,
        0.99766,
        0.99772,
        0.99722,
        0.99724,
        0.99708,
        0.99656,
        0.99796,
        0.99782,
        0.99794,
        0.99862,
        0.9982,
        0.99812,
        0.99874,
        0.99804,
        0.99802,
        0.99882,
        0.99844,
        0.99856,
        0.99838,
        0.99812,
        0.99848,
        0.99844,
        0.99888,
        0.99852,
        0.99854,
        0.99848,
        0.9986,
        0.99836,
        0.99886,
        0.9987,
        0.9989,
        0.99872,
        0.99806
    ],
    "epoch": [
        1,
        2,
        3,
        4,
        5,
        6,
        7,
        8,
        9,
        10,
        11,
        12,
        13,
        14,
        15,
        16,
        17,
        18,
        19,
        20,
        21,
        22,
        23,
        24,
        25,
        26,
        27,
        28,
        29,
        30,
        31,
        32,
        33,
        34,
        35,
        36,
        37,
        38,
        39,
        40,
        41,
        42,
        43,
        44,
        45,
        46,
        47,
        48,
        49,
        50,
        51,
        52,
        53,
        54,
        55,
        56,
        57,
        58,
        59,
        60,
        61,
        62,
        63,
        64,
        65,
        66,
        67,
        68,
        69,
        70,
        71,
        72,
        73,
        74,
        75,
        76,
        77,
        78,
        79,
        80,
        81,
        82,
        83,
        84,
        85,
        86,
        87,
        88,
        89,
        90,
        91,
        92,
        93,
        94,
        95,
        96,
        97,
        98,
        99,
        100,
        101,
        102,
        103,
        104,
        105,
        106,
        107,
        108,
        109,
        110,
        111,
        112,
        113,
        114,
        115,
        116,
        117,
        118,
        119,
        120,
        121,
        122,
        123,
        124,
        125,
        126,
        127,
        128,
        129,
        130,
        131,
        132,
        133,
        134,
        135,
        136,
        137,
        138,
        139,
        140,
        141,
        142,
        143,
        144,
        145,
        146,
        147,
        148,
        149,
        150
    ],